timestamp,transactions,promotion_flag,promotion_type,staff_count,event_flag,event_name,inventory_alert,hour,day_of_week,is_weekend,time_idx
2024-05-01 09:00:00,53,0,,5,0,,0,9,2,0,0
2024-05-01 10:00:00,43,1,discount,2,0,,0,10,2,0,1
2024-05-01 11:00:00,29,1,,4,0,,0,11,2,0,2
2024-05-01 12:00:00,57,1,bogo,5,0,,0,12,2,0,3
2024-05-01 13:00:00,22,0,,5,0,,0,13,2,0,4
2024-05-01 14:00:00,35,0,,3,0,,0,14,2,0,5
2024-05-01 15:00:00,53,0,,4,0,,0,15,2,0,6
2024-05-01 16:00:00,33,0,,4,1,Lunch Hour Promo,0,16,2,0,7
2024-05-01 17:00:00,37,0,,2,1,Weekend Special,0,17,2,0,8
2024-05-01 18:00:00,25,0,,4,0,,0,18,2,0,9
2024-05-01 19:00:00,25,0,,2,1,Happy Hour,0,19,2,0,10
2024-05-01 20:00:00,38,1,bogo,4,1,Lunch Hour Promo,0,20,2,0,11
2024-05-01 21:00:00,50,0,,3,0,,0,21,2,0,12
2024-05-01 22:00:00,54,0,,4,1,Lunch Hour Promo,0,22,2,0,13
2024-05-01 23:00:00,38,0,,2,0,,0,23,2,0,14
2024-05-02 00:00:00,17,0,,2,1,,0,0,3,0,15
2024-05-02 01:00:00,36,0,,3,1,Lunch Hour Promo,0,1,3,0,16
2024-05-02 02:00:00,16,0,,4,0,,0,2,3,0,17
2024-05-02 03:00:00,38,1,bogo,4,0,,0,3,3,0,18
2024-05-02 04:00:00,58,1,discount,3,0,,0,4,3,0,19
2024-05-02 05:00:00,44,1,discount,4,0,,0,5,3,0,20
2024-05-02 06:00:00,52,1,discount,4,1,Lunch Hour Promo,1,6,3,0,21
2024-05-02 07:00:00,16,0,,2,1,Happy Hour,0,7,3,0,22
2024-05-02 08:00:00,35,1,,4,0,,0,8,3,0,23
2024-05-02 09:00:00,47,0,,4,0,,0,9,3,0,24
2024-05-02 10:00:00,26,0,,3,0,,1,10,3,0,25
2024-05-02 11:00:00,36,0,,3,0,,1,11,3,0,26
2024-05-02 12:00:00,58,0,,5,0,,0,12,3,0,27
2024-05-02 13:00:00,39,0,,2,0,,0,13,3,0,28
2024-05-02 14:00:00,41,0,,4,1,,0,14,3,0,29
2024-05-02 15:00:00,56,1,combo,4,0,,0,15,3,0,30
2024-05-02 16:00:00,42,0,,5,0,,0,16,3,0,31
2024-05-02 17:00:00,30,0,,4,0,,0,17,3,0,32
2024-05-02 18:00:00,29,0,,2,0,,0,18,3,0,33
2024-05-02 19:00:00,58,0,,5,1,Lunch Hour Promo,1,19,3,0,34
2024-05-02 20:00:00,17,1,discount,2,1,Weekend Special,1,20,3,0,35
2024-05-02 21:00:00,51,0,,5,0,,0,21,3,0,36
2024-05-02 22:00:00,21,1,discount,5,0,,0,22,3,0,37
2024-05-02 23:00:00,35,1,discount,3,0,,0,23,3,0,38
2024-05-03 00:00:00,23,0,,2,0,,0,0,4,0,39
2024-05-03 01:00:00,42,1,,5,0,,0,1,4,0,40
2024-05-03 02:00:00,31,1,,5,0,,0,2,4,0,41
2024-05-03 03:00:00,40,0,bogo,3,0,music_fest,0,3,4,0,42
2024-05-03 04:00:00,45,0,,3,0,,0,4,4,0,43
2024-05-03 05:00:00,31,0,,3,1,,0,5,4,0,44
2024-05-03 06:00:00,34,0,bogo,2,0,,0,6,4,0,45
2024-05-03 07:00:00,37,0,,2,0,,0,7,4,0,46
2024-05-03 08:00:00,40,1,discount,5,0,,0,8,4,0,47
2024-05-03 09:00:00,34,1,bogo,5,0,,0,9,4,0,48
2024-05-03 10:00:00,37,0,,5,0,music_fest,0,10,4,0,49
2024-05-03 11:00:00,32,0,bogo,4,0,local_fair,0,11,4,0,50
2024-05-03 12:00:00,39,1,bogo,3,0,music_fest,0,12,4,0,51
2024-05-03 13:00:00,40,0,bogo,5,0,,0,13,4,0,52
2024-05-03 14:00:00,34,0,,3,0,,0,14,4,0,53
2024-05-03 15:00:00,41,0,,2,0,,0,15,4,0,54
2024-05-03 16:00:00,29,0,bogo,3,0,,0,16,4,0,55
2024-05-03 17:00:00,33,0,,4,0,,1,17,4,0,56
2024-05-03 18:00:00,34,1,,4,0,,0,18,4,0,57
2024-05-03 19:00:00,39,0,discount,3,0,local_fair,0,19,4,0,58
2024-05-03 20:00:00,28,0,discount,4,0,,0,20,4,0,59
2024-05-03 21:00:00,23,1,,4,0,,0,21,4,0,60
2024-05-03 22:00:00,36,0,,2,0,promo_day,0,22,4,0,61
2024-05-03 23:00:00,45,1,,5,0,,0,23,4,0,62
2024-05-04 00:00:00,34,1,bogo,4,0,,0,0,5,1,63
2024-05-04 01:00:00,30,0,discount,5,1,,0,1,5,1,64
2024-05-04 02:00:00,43,1,bogo,3,0,,0,2,5,1,65
2024-05-04 03:00:00,42,0,discount,3,0,local_fair,1,3,5,1,66
2024-05-04 04:00:00,43,1,discount,4,0,,0,4,5,1,67
2024-05-04 05:00:00,35,0,,3,0,,0,5,5,1,68
2024-05-04 06:00:00,46,1,discount,2,0,,0,6,5,1,69
2024-05-04 07:00:00,35,1,,4,0,,0,7,5,1,70
2024-05-04 08:00:00,34,0,bogo,4,0,,0,8,5,1,71
2024-05-04 09:00:00,42,0,bogo,4,0,,0,9,5,1,72
2024-05-04 10:00:00,47,1,discount,3,0,,0,10,5,1,73
2024-05-04 11:00:00,29,1,bogo,3,0,,0,11,5,1,74
2024-05-04 12:00:00,43,0,discount,4,0,,0,12,5,1,75
2024-05-04 13:00:00,43,1,,5,0,,0,13,5,1,76
2024-05-04 14:00:00,38,0,,3,0,,0,14,5,1,77
2024-05-04 15:00:00,34,0,bogo,3,0,local_fair,0,15,5,1,78
2024-05-04 16:00:00,48,0,discount,4,0,local_fair,0,16,5,1,79
2024-05-04 17:00:00,36,0,,5,0,,0,17,5,1,80
2024-05-04 18:00:00,32,1,bogo,4,0,music_fest,0,18,5,1,81
2024-05-04 19:00:00,34,0,discount,3,0,,0,19,5,1,82
2024-05-04 20:00:00,49,1,bogo,4,0,,0,20,5,1,83
2024-05-04 21:00:00,40,0,,4,1,,0,21,5,1,84
2024-05-04 22:00:00,44,0,discount,4,0,,0,22,5,1,85
2024-05-04 23:00:00,47,0,discount,5,0,,0,23,5,1,86
2024-05-05 00:00:00,34,0,,4,0,,0,0,6,1,87
2024-05-05 01:00:00,32,0,discount,3,0,promo_day,0,1,6,1,88
2024-05-05 02:00:00,36,0,discount,4,0,music_fest,0,2,6,1,89
2024-05-05 03:00:00,29,0,bogo,5,0,,0,3,6,1,90
2024-05-05 04:00:00,50,0,,2,0,,0,4,6,1,91
2024-05-05 05:00:00,38,0,bogo,5,0,,0,5,6,1,92
2024-05-05 06:00:00,54,0,,4,0,,0,6,6,1,93
2024-05-05 07:00:00,38,1,,2,0,,0,7,6,1,94
2024-05-05 08:00:00,34,1,discount,4,0,,0,8,6,1,95
2024-05-05 09:00:00,40,0,,5,0,,0,9,6,1,96
2024-05-05 10:00:00,24,0,bogo,2,0,music_fest,0,10,6,1,97
2024-05-05 11:00:00,48,0,discount,2,1,,0,11,6,1,98
2024-05-05 12:00:00,30,1,bogo,4,0,,0,12,6,1,99
2024-05-05 13:00:00,41,0,bogo,4,0,,0,13,6,1,100
2024-05-05 14:00:00,33,0,discount,5,0,,0,14,6,1,101
2024-05-05 15:00:00,35,0,discount,4,0,music_fest,0,15,6,1,102
2024-05-05 16:00:00,40,0,bogo,2,0,,0,16,6,1,103
2024-05-05 17:00:00,28,0,,3,0,promo_day,0,17,6,1,104
2024-05-05 18:00:00,34,1,bogo,3,0,promo_day,0,18,6,1,105
2024-05-05 19:00:00,41,0,,5,0,,0,19,6,1,106
2024-05-05 20:00:00,38,1,discount,4,0,,0,20,6,1,107
2024-05-05 21:00:00,40,0,discount,5,0,music_fest,0,21,6,1,108
2024-05-05 22:00:00,41,0,discount,3,0,promo_day,0,22,6,1,109
2024-05-05 23:00:00,50,1,discount,3,0,,0,23,6,1,110
2024-05-06 00:00:00,35,0,discount,4,0,,0,0,0,0,111
2024-05-06 01:00:00,33,1,,2,0,,0,1,0,0,112
2024-05-06 02:00:00,44,0,,4,0,,0,2,0,0,113
2024-05-06 03:00:00,38,0,,3,0,,0,3,0,0,114
2024-05-06 04:00:00,47,1,discount,2,0,music_fest,0,4,0,0,115
2024-05-06 05:00:00,35,0,,5,0,,0,5,0,0,116
2024-05-06 06:00:00,40,1,bogo,3,0,,1,6,0,0,117
2024-05-06 07:00:00,31,0,discount,5,0,,0,7,0,0,118
2024-05-06 08:00:00,40,1,,2,0,,0,8,0,0,119
2024-05-06 09:00:00,28,0,,5,0,,0,9,0,0,120
2024-05-06 10:00:00,39,0,discount,3,0,local_fair,0,10,0,0,121
2024-05-06 11:00:00,41,1,bogo,4,0,,0,11,0,0,122
2024-05-06 12:00:00,42,1,discount,5,0,,0,12,0,0,123
2024-05-06 13:00:00,34,1,,3,0,,0,13,0,0,124
2024-05-06 14:00:00,41,1,bogo,3,0,,0,14,0,0,125
2024-05-06 15:00:00,41,1,,2,0,,0,15,0,0,126
2024-05-06 16:00:00,28,0,discount,3,0,,0,16,0,0,127
2024-05-06 17:00:00,33,0,bogo,4,0,,0,17,0,0,128
2024-05-06 18:00:00,47,0,bogo,4,0,,0,18,0,0,129
2024-05-06 19:00:00,44,0,bogo,5,0,,0,19,0,0,130
2024-05-06 20:00:00,39,0,bogo,5,0,,0,20,0,0,131
2024-05-06 21:00:00,32,0,,5,0,local_fair,0,21,0,0,132
2024-05-06 22:00:00,34,0,,5,1,,0,22,0,0,133
2024-05-06 23:00:00,40,1,,4,0,,0,23,0,0,134
2024-05-07 00:00:00,48,0,,2,0,,0,0,1,0,135
2024-05-07 01:00:00,34,0,,5,0,,0,1,1,0,136
2024-05-07 02:00:00,45,0,bogo,2,0,,0,2,1,0,137
2024-05-07 03:00:00,31,1,,3,0,,0,3,1,0,138
2024-05-07 04:00:00,50,1,bogo,3,0,,0,4,1,0,139
2024-05-07 05:00:00,39,1,bogo,5,0,,0,5,1,0,140
2024-05-07 06:00:00,30,0,bogo,3,0,local_fair,0,6,1,0,141
2024-05-07 07:00:00,46,0,bogo,2,0,,0,7,1,0,142
2024-05-07 08:00:00,41,0,discount,2,0,,1,8,1,0,143
2024-05-07 09:00:00,35,0,,3,0,,0,9,1,0,144
2024-05-07 10:00:00,38,0,bogo,5,0,local_fair,0,10,1,0,145
2024-05-07 11:00:00,44,0,discount,2,0,local_fair,0,11,1,0,146
2024-05-07 12:00:00,42,0,bogo,2,0,,0,12,1,0,147
2024-05-07 13:00:00,47,1,discount,4,0,,0,13,1,0,148
2024-05-07 14:00:00,35,1,discount,5,0,,0,14,1,0,149
2024-05-07 15:00:00,39,0,discount,4,0,,0,15,1,0,150
2024-05-07 16:00:00,37,0,bogo,3,0,,0,16,1,0,151
2024-05-07 17:00:00,34,0,bogo,3,0,,0,17,1,0,152
2024-05-07 18:00:00,19,0,,4,0,,0,18,1,0,153
2024-05-07 19:00:00,44,1,,5,0,local_fair,0,19,1,0,154
2024-05-07 20:00:00,30,0,bogo,2,0,promo_day,0,20,1,0,155
2024-05-07 21:00:00,43,1,bogo,3,0,,0,21,1,0,156
2024-05-07 22:00:00,40,0,bogo,5,1,,0,22,1,0,157
2024-05-07 23:00:00,24,1,,5,0,music_fest,0,23,1,0,158
2024-05-08 00:00:00,38,0,discount,3,0,,0,0,2,0,159
2024-05-08 01:00:00,38,1,discount,3,0,,0,1,2,0,160
2024-05-08 02:00:00,44,0,,5,0,,0,2,2,0,161
2024-05-08 03:00:00,37,1,bogo,2,0,,1,3,2,0,162
2024-05-08 04:00:00,45,0,discount,4,0,,0,4,2,0,163
2024-05-08 05:00:00,36,0,discount,3,0,,0,5,2,0,164
2024-05-08 06:00:00,31,1,,4,1,,0,6,2,0,165
2024-05-08 07:00:00,39,1,,5,0,,0,7,2,0,166
2024-05-08 08:00:00,41,1,,4,0,,0,8,2,0,167
2024-05-08 09:00:00,52,1,bogo,2,1,,0,9,2,0,168
2024-05-08 10:00:00,39,1,bogo,5,0,music_fest,0,10,2,0,169
2024-05-08 11:00:00,36,0,,2,1,,0,11,2,0,170
2024-05-08 12:00:00,35,0,,5,1,,0,12,2,0,171
2024-05-08 13:00:00,23,0,discount,2,0,,0,13,2,0,172
2024-05-08 14:00:00,45,1,,5,0,,0,14,2,0,173
2024-05-08 15:00:00,37,0,discount,2,0,,0,15,2,0,174
2024-05-08 16:00:00,38,0,discount,5,0,,1,16,2,0,175
2024-05-08 17:00:00,31,0,,2,1,,0,17,2,0,176
2024-05-08 18:00:00,36,1,bogo,5,0,,0,18,2,0,177
2024-05-08 19:00:00,40,0,,2,0,,0,19,2,0,178
2024-05-08 20:00:00,35,0,discount,3,0,,0,20,2,0,179
2024-05-08 21:00:00,38,0,bogo,4,0,,0,21,2,0,180
2024-05-08 22:00:00,41,0,,5,0,,0,22,2,0,181
2024-05-08 23:00:00,26,0,,2,0,,0,23,2,0,182
2024-05-09 00:00:00,50,1,discount,3,0,,0,0,3,0,183
2024-05-09 01:00:00,36,1,bogo,5,0,,0,1,3,0,184
2024-05-09 02:00:00,37,1,,5,1,,0,2,3,0,185
2024-05-09 03:00:00,50,0,discount,5,0,,0,3,3,0,186
2024-05-09 04:00:00,32,1,,4,0,,0,4,3,0,187
2024-05-09 05:00:00,28,0,,2,0,,0,5,3,0,188
2024-05-09 06:00:00,28,0,discount,2,0,,0,6,3,0,189
2024-05-09 07:00:00,26,1,discount,5,0,,0,7,3,0,190
2024-05-09 08:00:00,45,0,discount,5,1,promo_day,0,8,3,0,191
2024-05-09 09:00:00,44,0,,5,0,music_fest,0,9,3,0,192
2024-05-09 10:00:00,29,1,discount,3,0,,0,10,3,0,193
2024-05-09 11:00:00,40,0,bogo,5,0,,0,11,3,0,194
2024-05-09 12:00:00,42,1,bogo,4,0,,0,12,3,0,195
2024-05-09 13:00:00,34,0,bogo,2,0,,1,13,3,0,196
2024-05-09 14:00:00,35,1,discount,4,0,,0,14,3,0,197
2024-05-09 15:00:00,35,0,discount,5,0,,0,15,3,0,198
2024-05-09 16:00:00,45,0,,3,0,music_fest,0,16,3,0,199
2024-05-09 17:00:00,43,1,,5,0,,0,17,3,0,200
2024-05-09 18:00:00,29,0,,5,0,,0,18,3,0,201
2024-05-09 19:00:00,38,0,discount,5,0,,0,19,3,0,202
2024-05-09 20:00:00,34,0,bogo,5,0,,0,20,3,0,203
2024-05-09 21:00:00,36,0,,5,1,music_fest,0,21,3,0,204
2024-05-09 22:00:00,47,0,discount,2,0,music_fest,0,22,3,0,205
2024-05-09 23:00:00,52,0,,4,0,local_fair,0,23,3,0,206
2024-05-10 00:00:00,40,1,,3,1,,0,0,4,0,207
2024-05-10 01:00:00,34,0,discount,5,0,,0,1,4,0,208
2024-05-10 02:00:00,41,0,,3,0,,0,2,4,0,209
2024-05-10 03:00:00,28,0,,2,0,,0,3,4,0,210
2024-05-10 04:00:00,25,0,discount,4,0,,0,4,4,0,211
2024-05-10 05:00:00,37,1,bogo,5,0,,0,5,4,0,212
2024-05-10 06:00:00,35,0,bogo,2,0,,1,6,4,0,213
2024-05-10 07:00:00,30,1,bogo,2,0,,1,7,4,0,214
2024-05-10 08:00:00,40,0,discount,4,0,,0,8,4,0,215
2024-05-10 09:00:00,27,1,bogo,5,1,,0,9,4,0,216
2024-05-10 10:00:00,27,0,,4,0,,0,10,4,0,217
2024-05-10 11:00:00,42,1,bogo,4,0,,0,11,4,0,218
2024-05-10 12:00:00,35,0,discount,3,0,,0,12,4,0,219
2024-05-10 13:00:00,35,0,,3,0,,1,13,4,0,220
2024-05-10 14:00:00,43,0,bogo,4,0,,0,14,4,0,221
2024-05-10 15:00:00,36,0,,3,1,promo_day,0,15,4,0,222
2024-05-10 16:00:00,29,1,bogo,2,0,,0,16,4,0,223
2024-05-10 17:00:00,25,0,discount,4,0,,0,17,4,0,224
2024-05-10 18:00:00,29,0,discount,5,0,,0,18,4,0,225
2024-05-10 19:00:00,42,1,,5,0,music_fest,0,19,4,0,226
2024-05-10 20:00:00,54,0,discount,2,0,,0,20,4,0,227
2024-05-10 21:00:00,34,1,,5,0,,0,21,4,0,228
2024-05-10 22:00:00,27,1,discount,5,0,,0,22,4,0,229
2024-05-10 23:00:00,40,0,bogo,4,0,,0,23,4,0,230
2024-05-11 00:00:00,37,1,bogo,2,0,,0,0,5,1,231
2024-05-11 01:00:00,39,0,,4,0,,0,1,5,1,232
2024-05-11 02:00:00,23,0,,2,0,music_fest,0,2,5,1,233
2024-05-11 03:00:00,37,0,discount,4,0,music_fest,1,3,5,1,234
2024-05-11 04:00:00,34,0,bogo,4,0,,0,4,5,1,235
2024-05-11 05:00:00,37,1,discount,3,0,,0,5,5,1,236
2024-05-11 06:00:00,39,1,bogo,5,0,,0,6,5,1,237
2024-05-11 07:00:00,41,0,bogo,2,0,music_fest,0,7,5,1,238
2024-05-11 08:00:00,34,0,,5,0,,0,8,5,1,239
2024-05-11 09:00:00,41,1,,3,0,promo_day,0,9,5,1,240
2024-05-11 10:00:00,51,0,bogo,2,1,,0,10,5,1,241
2024-05-11 11:00:00,40,0,bogo,3,0,,0,11,5,1,242
2024-05-11 12:00:00,49,0,,5,0,music_fest,0,12,5,1,243
2024-05-11 13:00:00,23,1,,4,0,,0,13,5,1,244
2024-05-11 14:00:00,35,0,discount,3,0,,0,14,5,1,245
2024-05-11 15:00:00,39,1,bogo,3,0,,0,15,5,1,246
2024-05-11 16:00:00,45,1,bogo,4,0,,0,16,5,1,247
2024-05-11 17:00:00,36,0,discount,5,0,,0,17,5,1,248
2024-05-11 18:00:00,45,0,discount,3,1,,0,18,5,1,249
2024-05-11 19:00:00,37,1,discount,5,0,,0,19,5,1,250
2024-05-11 20:00:00,52,0,,4,0,promo_day,1,20,5,1,251
2024-05-11 21:00:00,32,1,discount,2,0,promo_day,0,21,5,1,252
2024-05-11 22:00:00,40,1,discount,3,0,,0,22,5,1,253
2024-05-11 23:00:00,29,1,discount,5,0,,0,23,5,1,254
2024-05-12 00:00:00,38,1,,4,0,,0,0,6,1,255
2024-05-12 01:00:00,38,1,,4,0,,0,1,6,1,256
2024-05-12 02:00:00,39,1,bogo,3,0,,0,2,6,1,257
2024-05-12 03:00:00,46,0,bogo,2,0,promo_day,0,3,6,1,258
2024-05-12 04:00:00,30,0,,3,1,local_fair,0,4,6,1,259
2024-05-12 05:00:00,43,0,discount,5,0,,0,5,6,1,260
2024-05-12 06:00:00,42,1,discount,4,0,,0,6,6,1,261
2024-05-12 07:00:00,30,0,discount,2,0,,0,7,6,1,262
2024-05-12 08:00:00,35,1,discount,5,0,,0,8,6,1,263
2024-05-12 09:00:00,36,0,bogo,3,0,,0,9,6,1,264
2024-05-12 10:00:00,47,1,,4,0,,0,10,6,1,265
2024-05-12 11:00:00,38,0,,3,0,,0,11,6,1,266
2024-05-12 12:00:00,36,1,bogo,2,0,,0,12,6,1,267
2024-05-12 13:00:00,38,0,,2,0,local_fair,1,13,6,1,268
2024-05-12 14:00:00,38,0,discount,2,0,,0,14,6,1,269
2024-05-12 15:00:00,40,0,discount,2,1,,0,15,6,1,270
2024-05-12 16:00:00,27,1,bogo,2,0,,0,16,6,1,271
2024-05-12 17:00:00,30,0,,3,0,music_fest,0,17,6,1,272
2024-05-12 18:00:00,30,0,discount,2,0,,0,18,6,1,273
2024-05-12 19:00:00,31,1,bogo,2,0,,0,19,6,1,274
2024-05-12 20:00:00,47,1,,4,0,local_fair,0,20,6,1,275
2024-05-12 21:00:00,41,1,,2,1,,0,21,6,1,276
2024-05-12 22:00:00,32,0,,4,0,,0,22,6,1,277
2024-05-12 23:00:00,31,0,bogo,4,0,,0,23,6,1,278
2024-05-13 00:00:00,31,1,discount,4,0,music_fest,0,0,0,0,279
2024-05-13 01:00:00,29,0,bogo,3,0,,0,1,0,0,280
2024-05-13 02:00:00,32,1,discount,3,0,local_fair,0,2,0,0,281
2024-05-13 03:00:00,38,0,,5,0,,0,3,0,0,282
2024-05-13 04:00:00,40,0,bogo,5,0,,0,4,0,0,283
2024-05-13 05:00:00,25,0,bogo,4,0,,1,5,0,0,284
2024-05-13 06:00:00,44,0,,3,0,,0,6,0,0,285
2024-05-13 07:00:00,31,0,bogo,2,0,,0,7,0,0,286
2024-05-13 08:00:00,35,0,bogo,5,0,,0,8,0,0,287
2024-05-13 09:00:00,40,1,,3,0,,0,9,0,0,288
2024-05-13 10:00:00,37,0,,2,0,,0,10,0,0,289
2024-05-13 11:00:00,38,1,,2,0,music_fest,1,11,0,0,290
2024-05-13 12:00:00,29,1,discount,3,1,,0,12,0,0,291
2024-05-13 13:00:00,38,0,bogo,5,0,promo_day,0,13,0,0,292
2024-05-13 14:00:00,33,0,,3,0,,0,14,0,0,293
2024-05-13 15:00:00,32,1,discount,5,0,local_fair,0,15,0,0,294
2024-05-13 16:00:00,39,1,discount,4,0,music_fest,0,16,0,0,295
2024-05-13 17:00:00,43,1,,3,0,,0,17,0,0,296
2024-05-13 18:00:00,28,1,discount,3,0,promo_day,0,18,0,0,297
2024-05-13 19:00:00,39,1,,5,0,,0,19,0,0,298
2024-05-13 20:00:00,37,0,bogo,5,0,music_fest,0,20,0,0,299
2024-05-13 21:00:00,34,0,bogo,3,0,music_fest,0,21,0,0,300
2024-05-13 22:00:00,40,1,discount,2,0,,0,22,0,0,301
2024-05-13 23:00:00,40,0,,2,0,,0,23,0,0,302
2024-05-14 00:00:00,28,1,bogo,2,0,,0,0,1,0,303
2024-05-14 01:00:00,33,0,bogo,4,0,,0,1,1,0,304
2024-05-14 02:00:00,31,0,,4,0,,0,2,1,0,305
2024-05-14 03:00:00,27,1,,5,0,,0,3,1,0,306
2024-05-14 04:00:00,29,0,,4,0,,0,4,1,0,307
2024-05-14 05:00:00,44,0,bogo,2,0,local_fair,0,5,1,0,308
2024-05-14 06:00:00,31,0,bogo,3,0,,0,6,1,0,309
2024-05-14 07:00:00,49,1,,4,0,music_fest,1,7,1,0,310
2024-05-14 08:00:00,39,0,,4,0,local_fair,0,8,1,0,311
2024-05-14 09:00:00,43,1,discount,2,1,,0,9,1,0,312
2024-05-14 10:00:00,34,0,discount,4,0,,0,10,1,0,313
2024-05-14 11:00:00,38,1,,5,0,,0,11,1,0,314
2024-05-14 12:00:00,29,1,bogo,3,0,,0,12,1,0,315
2024-05-14 13:00:00,34,0,,2,0,,0,13,1,0,316
2024-05-14 14:00:00,30,0,bogo,5,0,,0,14,1,0,317
2024-05-14 15:00:00,38,0,discount,2,0,promo_day,0,15,1,0,318
2024-05-14 16:00:00,35,1,,5,1,,0,16,1,0,319
2024-05-14 17:00:00,34,0,discount,3,0,,0,17,1,0,320
2024-05-14 18:00:00,33,1,bogo,3,0,,1,18,1,0,321
2024-05-14 19:00:00,43,0,bogo,5,0,music_fest,0,19,1,0,322
2024-05-14 20:00:00,37,0,bogo,5,1,local_fair,0,20,1,0,323
2024-05-14 21:00:00,35,0,,5,0,music_fest,1,21,1,0,324
2024-05-14 22:00:00,29,0,,5,0,,0,22,1,0,325
2024-05-14 23:00:00,50,0,,5,0,,0,23,1,0,326
2024-05-15 00:00:00,26,1,discount,5,0,music_fest,0,0,2,0,327
2024-05-15 01:00:00,39,1,discount,3,0,,0,1,2,0,328
2024-05-15 02:00:00,30,0,bogo,5,0,,0,2,2,0,329
2024-05-15 03:00:00,32,1,,4,0,,0,3,2,0,330
2024-05-15 04:00:00,31,1,,3,0,,0,4,2,0,331
2024-05-15 05:00:00,41,1,,2,0,,0,5,2,0,332
2024-05-15 06:00:00,35,0,bogo,3,0,,0,6,2,0,333
2024-05-15 07:00:00,36,0,bogo,2,0,,0,7,2,0,334
2024-05-15 08:00:00,37,0,bogo,2,1,,0,8,2,0,335
2024-05-15 09:00:00,37,1,discount,4,0,,0,9,2,0,336
2024-05-15 10:00:00,43,0,discount,5,0,,0,10,2,0,337
2024-05-15 11:00:00,33,0,,5,0,,0,11,2,0,338
2024-05-15 12:00:00,36,0,discount,3,0,,0,12,2,0,339
2024-05-15 13:00:00,48,0,discount,5,0,,1,13,2,0,340
2024-05-15 14:00:00,40,1,discount,4,0,,0,14,2,0,341
2024-05-15 15:00:00,30,0,,3,0,,0,15,2,0,342
2024-05-15 16:00:00,40,0,bogo,3,0,,0,16,2,0,343
2024-05-15 17:00:00,47,1,,3,0,,0,17,2,0,344
2024-05-15 18:00:00,30,1,,5,0,music_fest,0,18,2,0,345
2024-05-15 19:00:00,33,1,bogo,5,0,,0,19,2,0,346
2024-05-15 20:00:00,35,1,,5,0,,0,20,2,0,347
2024-05-15 21:00:00,29,1,discount,3,1,,0,21,2,0,348
2024-05-15 22:00:00,30,0,discount,3,0,promo_day,0,22,2,0,349
2024-05-15 23:00:00,44,0,,2,0,,0,23,2,0,350
2024-05-16 00:00:00,32,1,,2,0,,0,0,3,0,351
2024-05-16 01:00:00,42,1,bogo,5,0,,0,1,3,0,352
2024-05-16 02:00:00,41,1,bogo,3,0,,0,2,3,0,353
2024-05-16 03:00:00,33,0,bogo,5,0,,0,3,3,0,354
2024-05-16 04:00:00,39,0,discount,5,0,,0,4,3,0,355
2024-05-16 05:00:00,37,0,discount,2,0,,0,5,3,0,356
2024-05-16 06:00:00,30,0,discount,4,0,,0,6,3,0,357
2024-05-16 07:00:00,38,0,discount,5,0,local_fair,0,7,3,0,358
2024-05-16 08:00:00,49,1,,4,0,,0,8,3,0,359
2024-05-16 09:00:00,42,0,discount,4,0,,0,9,3,0,360
2024-05-16 10:00:00,39,0,discount,3,0,local_fair,0,10,3,0,361
2024-05-16 11:00:00,36,0,bogo,3,0,local_fair,0,11,3,0,362
2024-05-16 12:00:00,37,1,,5,0,promo_day,0,12,3,0,363
2024-05-16 13:00:00,46,0,discount,2,0,music_fest,0,13,3,0,364
2024-05-16 14:00:00,39,0,discount,2,0,promo_day,0,14,3,0,365
2024-05-16 15:00:00,25,0,bogo,5,0,,0,15,3,0,366
2024-05-16 16:00:00,44,0,,5,0,music_fest,1,16,3,0,367
2024-05-16 17:00:00,35,1,bogo,2,0,music_fest,0,17,3,0,368
2024-05-16 18:00:00,38,1,,4,0,,0,18,3,0,369
2024-05-16 19:00:00,35,0,,5,0,,0,19,3,0,370
2024-05-16 20:00:00,42,0,,4,0,promo_day,0,20,3,0,371
2024-05-16 21:00:00,32,1,,5,0,,0,21,3,0,372
2024-05-16 22:00:00,30,0,bogo,5,0,music_fest,0,22,3,0,373
2024-05-16 23:00:00,38,0,discount,4,0,,0,23,3,0,374
2024-05-17 00:00:00,48,0,,4,0,,0,0,4,0,375
2024-05-17 01:00:00,39,1,bogo,2,0,,0,1,4,0,376
2024-05-17 02:00:00,30,0,discount,5,0,,0,2,4,0,377
2024-05-17 03:00:00,38,0,,3,0,,0,3,4,0,378
2024-05-17 04:00:00,26,1,discount,3,1,,0,4,4,0,379
2024-05-17 05:00:00,32,0,bogo,5,1,,0,5,4,0,380
2024-05-17 06:00:00,39,0,bogo,5,0,,0,6,4,0,381
2024-05-17 07:00:00,43,1,bogo,5,0,,0,7,4,0,382
2024-05-17 08:00:00,38,0,,4,0,,0,8,4,0,383
2024-05-17 09:00:00,36,1,discount,3,0,,0,9,4,0,384
2024-05-17 10:00:00,31,0,bogo,3,0,,0,10,4,0,385
2024-05-17 11:00:00,35,0,bogo,3,1,,1,11,4,0,386
2024-05-17 12:00:00,40,0,,5,0,,0,12,4,0,387
2024-05-17 13:00:00,42,0,,4,0,,0,13,4,0,388
2024-05-17 14:00:00,33,0,bogo,5,0,,0,14,4,0,389
2024-05-17 15:00:00,44,1,,2,0,,0,15,4,0,390
2024-05-17 16:00:00,41,0,discount,2,1,music_fest,0,16,4,0,391
2024-05-17 17:00:00,28,0,,3,0,local_fair,0,17,4,0,392
2024-05-17 18:00:00,45,0,bogo,5,0,music_fest,0,18,4,0,393
2024-05-17 19:00:00,41,1,,2,0,,0,19,4,0,394
2024-05-17 20:00:00,34,0,discount,2,0,,0,20,4,0,395
2024-05-17 21:00:00,32,0,discount,5,0,,0,21,4,0,396
2024-05-17 22:00:00,31,0,bogo,4,0,,0,22,4,0,397
2024-05-17 23:00:00,36,0,,5,0,promo_day,0,23,4,0,398
2024-05-18 00:00:00,44,0,bogo,5,0,,0,0,5,1,399
2024-05-18 01:00:00,33,1,,4,0,,0,1,5,1,400
2024-05-18 02:00:00,39,0,bogo,3,0,,0,2,5,1,401
2024-05-18 03:00:00,40,0,bogo,3,0,music_fest,0,3,5,1,402
2024-05-18 04:00:00,39,0,discount,3,0,music_fest,0,4,5,1,403
2024-05-18 05:00:00,43,1,,4,0,,0,5,5,1,404
2024-05-18 06:00:00,46,0,discount,2,1,promo_day,0,6,5,1,405
2024-05-18 07:00:00,47,0,,4,0,,0,7,5,1,406
2024-05-18 08:00:00,36,0,,5,0,local_fair,0,8,5,1,407
2024-05-18 09:00:00,33,0,,4,0,promo_day,0,9,5,1,408
2024-05-18 10:00:00,40,0,bogo,2,0,music_fest,0,10,5,1,409
2024-05-18 11:00:00,30,0,,2,0,,0,11,5,1,410
2024-05-18 12:00:00,31,0,,5,0,,0,12,5,1,411
2024-05-18 13:00:00,29,0,discount,3,0,,0,13,5,1,412
2024-05-18 14:00:00,33,0,,2,0,,0,14,5,1,413
2024-05-18 15:00:00,41,0,discount,2,0,music_fest,0,15,5,1,414
2024-05-18 16:00:00,32,0,bogo,2,0,,0,16,5,1,415
2024-05-18 17:00:00,46,1,discount,5,0,,0,17,5,1,416
2024-05-18 18:00:00,40,1,discount,2,0,,0,18,5,1,417
2024-05-18 19:00:00,36,1,bogo,3,0,,0,19,5,1,418
2024-05-18 20:00:00,38,1,bogo,5,0,,0,20,5,1,419
2024-05-18 21:00:00,31,1,,3,1,,0,21,5,1,420
2024-05-18 22:00:00,27,1,discount,2,0,,1,22,5,1,421
2024-05-18 23:00:00,33,0,bogo,2,0,,0,23,5,1,422
2024-05-19 00:00:00,34,1,discount,3,0,music_fest,0,0,6,1,423
2024-05-19 01:00:00,42,0,bogo,5,0,,0,1,6,1,424
2024-05-19 02:00:00,39,0,,5,0,local_fair,0,2,6,1,425
2024-05-19 03:00:00,42,1,bogo,3,0,,0,3,6,1,426
2024-05-19 04:00:00,39,0,,2,0,,0,4,6,1,427
2024-05-19 05:00:00,38,0,bogo,4,0,,0,5,6,1,428
2024-05-19 06:00:00,35,1,,3,0,,0,6,6,1,429
2024-05-19 07:00:00,29,0,bogo,3,1,,0,7,6,1,430
2024-05-19 08:00:00,42,0,bogo,3,0,,0,8,6,1,431
2024-05-19 09:00:00,41,1,,2,0,,0,9,6,1,432
2024-05-19 10:00:00,33,1,discount,5,0,,0,10,6,1,433
2024-05-19 11:00:00,44,0,,2,1,,0,11,6,1,434
2024-05-19 12:00:00,33,0,,3,0,,0,12,6,1,435
2024-05-19 13:00:00,35,0,bogo,2,0,,0,13,6,1,436
2024-05-19 14:00:00,48,1,discount,2,0,local_fair,0,14,6,1,437
2024-05-19 15:00:00,52,0,discount,3,0,,1,15,6,1,438
2024-05-19 16:00:00,31,0,,2,1,,0,16,6,1,439
2024-05-19 17:00:00,46,0,,4,0,promo_day,1,17,6,1,440
2024-05-19 18:00:00,44,0,discount,2,0,,0,18,6,1,441
2024-05-19 19:00:00,41,1,bogo,2,0,promo_day,1,19,6,1,442
2024-05-19 20:00:00,33,0,bogo,5,0,,0,20,6,1,443
2024-05-19 21:00:00,51,1,,5,0,music_fest,0,21,6,1,444
2024-05-19 22:00:00,31,0,discount,3,0,,0,22,6,1,445
2024-05-19 23:00:00,48,1,discount,3,0,local_fair,0,23,6,1,446
2024-05-20 00:00:00,41,1,,5,0,,0,0,0,0,447
2024-05-20 01:00:00,51,0,discount,4,1,,0,1,0,0,448
2024-05-20 02:00:00,34,0,discount,2,0,,0,2,0,0,449
2024-05-20 03:00:00,32,0,,4,0,,0,3,0,0,450
2024-05-20 04:00:00,27,1,,4,0,,0,4,0,0,451
2024-05-20 05:00:00,35,0,discount,5,0,,0,5,0,0,452
2024-05-20 06:00:00,26,1,discount,3,0,local_fair,0,6,0,0,453
2024-05-20 07:00:00,38,1,discount,2,0,,1,7,0,0,454
2024-05-20 08:00:00,34,1,discount,3,0,music_fest,0,8,0,0,455
2024-05-20 09:00:00,46,1,,4,0,,0,9,0,0,456
2024-05-20 10:00:00,33,0,bogo,4,1,promo_day,0,10,0,0,457
2024-05-20 11:00:00,46,0,,3,0,promo_day,0,11,0,0,458
2024-05-20 12:00:00,46,0,,3,0,,0,12,0,0,459
2024-05-20 13:00:00,50,1,bogo,5,1,music_fest,0,13,0,0,460
2024-05-20 14:00:00,43,1,discount,3,0,music_fest,0,14,0,0,461
2024-05-20 15:00:00,37,1,bogo,3,0,,0,15,0,0,462
2024-05-20 16:00:00,43,0,,5,0,,0,16,0,0,463
2024-05-20 17:00:00,36,0,,3,0,,0,17,0,0,464
2024-05-20 18:00:00,33,1,discount,4,0,music_fest,0,18,0,0,465
2024-05-20 19:00:00,35,0,,3,0,,0,19,0,0,466
2024-05-20 20:00:00,34,0,bogo,2,0,,0,20,0,0,467
2024-05-20 21:00:00,23,1,,4,0,,0,21,0,0,468
2024-05-20 22:00:00,36,0,discount,5,0,,0,22,0,0,469
2024-05-20 23:00:00,43,0,bogo,4,0,music_fest,0,23,0,0,470
2024-05-21 00:00:00,36,0,,5,0,promo_day,0,0,1,0,471
2024-05-21 01:00:00,51,0,bogo,2,0,,1,1,1,0,472
2024-05-21 02:00:00,40,1,bogo,2,0,,0,2,1,0,473
2024-05-21 03:00:00,50,0,discount,4,0,,0,3,1,0,474
2024-05-21 04:00:00,40,0,discount,3,0,,0,4,1,0,475
2024-05-21 05:00:00,32,0,bogo,4,0,,0,5,1,0,476
2024-05-21 06:00:00,32,1,,4,0,,0,6,1,0,477
2024-05-21 07:00:00,43,0,discount,2,1,,0,7,1,0,478
2024-05-21 08:00:00,36,0,bogo,5,0,,0,8,1,0,479
2024-05-21 09:00:00,41,0,,4,0,,0,9,1,0,480
2024-05-21 10:00:00,44,0,discount,3,0,,0,10,1,0,481
2024-05-21 11:00:00,32,0,bogo,2,1,music_fest,0,11,1,0,482
2024-05-21 12:00:00,39,1,,4,0,,0,12,1,0,483
2024-05-21 13:00:00,28,1,,4,0,,0,13,1,0,484
2024-05-21 14:00:00,33,0,,3,0,music_fest,0,14,1,0,485
2024-05-21 15:00:00,41,0,,4,0,,0,15,1,0,486
2024-05-21 16:00:00,28,1,discount,4,1,,0,16,1,0,487
2024-05-21 17:00:00,35,0,,4,0,,0,17,1,0,488
2024-05-21 18:00:00,42,1,discount,4,0,,0,18,1,0,489
2024-05-21 19:00:00,27,0,,3,0,music_fest,0,19,1,0,490
2024-05-21 20:00:00,41,1,discount,4,0,,0,20,1,0,491
2024-05-21 21:00:00,45,1,,4,0,,0,21,1,0,492
2024-05-21 22:00:00,37,1,,4,0,,0,22,1,0,493
2024-05-21 23:00:00,44,1,,2,0,,0,23,1,0,494
2024-05-22 00:00:00,41,0,discount,3,0,promo_day,0,0,2,0,495
2024-05-22 01:00:00,33,1,bogo,2,0,music_fest,0,1,2,0,496
2024-05-22 02:00:00,44,0,,2,0,,1,2,2,0,497
2024-05-22 03:00:00,42,0,,3,0,,0,3,2,0,498
2024-05-22 04:00:00,41,1,discount,2,0,,0,4,2,0,499
2024-05-22 05:00:00,40,1,,2,0,,0,5,2,0,500
2024-05-22 06:00:00,31,1,,2,0,,0,6,2,0,501
2024-05-22 07:00:00,46,0,discount,3,0,,0,7,2,0,502
2024-05-22 08:00:00,44,1,,4,0,,0,8,2,0,503
2024-05-22 09:00:00,35,1,bogo,5,0,music_fest,0,9,2,0,504
2024-05-22 10:00:00,31,0,bogo,5,0,,0,10,2,0,505
2024-05-22 11:00:00,45,0,bogo,3,0,,1,11,2,0,506
2024-05-22 12:00:00,40,0,bogo,5,0,,0,12,2,0,507
2024-05-22 13:00:00,40,0,,3,1,promo_day,0,13,2,0,508
2024-05-22 14:00:00,43,1,bogo,3,0,,0,14,2,0,509
2024-05-22 15:00:00,43,1,,5,1,,0,15,2,0,510
2024-05-22 16:00:00,54,1,,2,0,,0,16,2,0,511
2024-05-22 17:00:00,40,1,,4,0,local_fair,0,17,2,0,512
2024-05-22 18:00:00,41,0,discount,5,0,,0,18,2,0,513
2024-05-22 19:00:00,34,1,,5,0,,0,19,2,0,514
2024-05-22 20:00:00,26,0,bogo,5,0,promo_day,0,20,2,0,515
2024-05-22 21:00:00,35,1,discount,5,0,music_fest,0,21,2,0,516
2024-05-22 22:00:00,43,0,discount,3,0,,0,22,2,0,517
2024-05-22 23:00:00,43,1,bogo,3,0,,0,23,2,0,518
2024-05-23 00:00:00,38,0,,4,0,,0,0,3,0,519
2024-05-23 01:00:00,41,0,bogo,4,0,,0,1,3,0,520
2024-05-23 02:00:00,36,1,,5,0,promo_day,0,2,3,0,521
2024-05-23 03:00:00,31,0,discount,5,0,,0,3,3,0,522
2024-05-23 04:00:00,41,1,bogo,5,0,music_fest,0,4,3,0,523
2024-05-23 05:00:00,27,0,,4,0,,0,5,3,0,524
2024-05-23 06:00:00,41,1,,5,0,,0,6,3,0,525
2024-05-23 07:00:00,52,0,discount,2,0,,0,7,3,0,526
2024-05-23 08:00:00,37,0,bogo,4,0,,0,8,3,0,527
2024-05-23 09:00:00,36,0,discount,2,0,,0,9,3,0,528
2024-05-23 10:00:00,36,0,bogo,5,0,,0,10,3,0,529
2024-05-23 11:00:00,47,0,,3,0,,0,11,3,0,530
2024-05-23 12:00:00,32,0,,2,0,,0,12,3,0,531
2024-05-23 13:00:00,41,0,discount,4,0,,0,13,3,0,532
2024-05-23 14:00:00,46,0,,2,0,,0,14,3,0,533
2024-05-23 15:00:00,56,0,bogo,4,0,,0,15,3,0,534
2024-05-23 16:00:00,46,1,bogo,5,0,,0,16,3,0,535
2024-05-23 17:00:00,43,0,bogo,2,0,,0,17,3,0,536
2024-05-23 18:00:00,30,0,,3,0,,0,18,3,0,537
2024-05-23 19:00:00,48,1,bogo,2,1,,0,19,3,0,538
2024-05-23 20:00:00,44,0,bogo,3,0,,0,20,3,0,539
2024-05-23 21:00:00,29,1,bogo,4,0,,0,21,3,0,540
2024-05-23 22:00:00,41,0,discount,5,0,music_fest,0,22,3,0,541
2024-05-23 23:00:00,32,0,,5,0,,0,23,3,0,542
2024-05-24 00:00:00,26,0,bogo,3,0,,0,0,4,0,543
2024-05-24 01:00:00,33,1,discount,4,0,,0,1,4,0,544
2024-05-24 02:00:00,34,1,,5,0,music_fest,0,2,4,0,545
2024-05-24 03:00:00,36,0,,4,0,,0,3,4,0,546
2024-05-24 04:00:00,40,0,,3,0,,1,4,4,0,547
2024-05-24 05:00:00,41,1,bogo,3,0,,0,5,4,0,548
2024-05-24 06:00:00,43,0,discount,2,0,,1,6,4,0,549
2024-05-24 07:00:00,37,0,bogo,5,1,promo_day,0,7,4,0,550
2024-05-24 08:00:00,30,1,discount,5,0,,0,8,4,0,551
2024-05-24 09:00:00,40,1,,2,0,,0,9,4,0,552
2024-05-24 10:00:00,39,0,discount,3,0,music_fest,0,10,4,0,553
2024-05-24 11:00:00,35,1,discount,3,0,,1,11,4,0,554
2024-05-24 12:00:00,28,1,bogo,3,0,,0,12,4,0,555
2024-05-24 13:00:00,20,0,bogo,3,0,,0,13,4,0,556
2024-05-24 14:00:00,36,0,,4,0,,0,14,4,0,557
2024-05-24 15:00:00,39,0,bogo,5,0,,0,15,4,0,558
2024-05-24 16:00:00,44,1,discount,5,0,,0,16,4,0,559
2024-05-24 17:00:00,31,1,discount,3,0,,0,17,4,0,560
2024-05-24 18:00:00,40,0,bogo,3,0,music_fest,0,18,4,0,561
2024-05-24 19:00:00,42,1,discount,3,0,promo_day,0,19,4,0,562
2024-05-24 20:00:00,35,0,,5,0,,0,20,4,0,563
2024-05-24 21:00:00,39,0,bogo,5,0,,0,21,4,0,564
2024-05-24 22:00:00,37,0,,3,0,music_fest,0,22,4,0,565
2024-05-24 23:00:00,38,0,,4,1,,0,23,4,0,566
2024-05-25 00:00:00,27,1,,2,0,,0,0,5,1,567
2024-05-25 01:00:00,33,0,,2,0,,0,1,5,1,568
2024-05-25 02:00:00,46,1,discount,2,0,,0,2,5,1,569
2024-05-25 03:00:00,31,0,discount,5,0,,1,3,5,1,570
2024-05-25 04:00:00,41,0,bogo,5,0,promo_day,0,4,5,1,571
2024-05-25 05:00:00,39,1,,2,1,,0,5,5,1,572
2024-05-25 06:00:00,32,0,,2,0,local_fair,0,6,5,1,573
2024-05-25 07:00:00,27,0,,4,0,,0,7,5,1,574
2024-05-25 08:00:00,33,0,discount,5,0,promo_day,0,8,5,1,575
2024-05-25 09:00:00,46,1,,5,0,,0,9,5,1,576
2024-05-25 10:00:00,42,0,bogo,2,0,,0,10,5,1,577
2024-05-25 11:00:00,35,0,discount,4,0,,1,11,5,1,578
2024-05-25 12:00:00,46,0,bogo,4,0,,0,12,5,1,579
2024-05-25 13:00:00,37,0,discount,2,0,,0,13,5,1,580
2024-05-25 14:00:00,38,1,bogo,2,0,,1,14,5,1,581
2024-05-25 15:00:00,47,0,bogo,5,0,,0,15,5,1,582
2024-05-25 16:00:00,34,0,bogo,2,0,,0,16,5,1,583
2024-05-25 17:00:00,48,0,,3,0,,0,17,5,1,584
2024-05-25 18:00:00,40,0,,4,0,,1,18,5,1,585
2024-05-25 19:00:00,42,1,,2,0,,0,19,5,1,586
2024-05-25 20:00:00,31,0,bogo,3,0,music_fest,0,20,5,1,587
2024-05-25 21:00:00,57,1,,4,0,,0,21,5,1,588
2024-05-25 22:00:00,45,0,,3,0,promo_day,0,22,5,1,589
2024-05-25 23:00:00,33,0,discount,3,0,,0,23,5,1,590
2024-05-26 00:00:00,37,1,bogo,2,0,,0,0,6,1,591
2024-05-26 01:00:00,35,0,discount,4,0,,0,1,6,1,592
2024-05-26 02:00:00,31,1,discount,3,0,,0,2,6,1,593
2024-05-26 03:00:00,56,1,,5,0,,0,3,6,1,594
2024-05-26 04:00:00,41,0,,4,0,,0,4,6,1,595
2024-05-26 05:00:00,43,0,discount,5,0,,0,5,6,1,596
2024-05-26 06:00:00,33,1,,2,0,,0,6,6,1,597
2024-05-26 07:00:00,31,0,,5,0,,0,7,6,1,598
2024-05-26 08:00:00,35,0,,4,0,,0,8,6,1,599
2024-05-26 09:00:00,37,0,discount,3,0,,0,9,6,1,600
2024-05-26 10:00:00,40,0,,3,0,,0,10,6,1,601
2024-05-26 11:00:00,31,1,bogo,4,0,,0,11,6,1,602
2024-05-26 12:00:00,41,0,bogo,3,1,,0,12,6,1,603
2024-05-26 13:00:00,39,0,discount,5,0,,0,13,6,1,604
2024-05-26 14:00:00,32,1,discount,3,0,,0,14,6,1,605
2024-05-26 15:00:00,33,0,,3,0,,1,15,6,1,606
2024-05-26 16:00:00,38,0,bogo,5,0,,0,16,6,1,607
2024-05-26 17:00:00,22,1,discount,5,0,,0,17,6,1,608
2024-05-26 18:00:00,37,0,discount,5,0,,0,18,6,1,609
2024-05-26 19:00:00,34,1,,2,0,,0,19,6,1,610
2024-05-26 20:00:00,22,1,discount,5,0,,0,20,6,1,611
2024-05-26 21:00:00,40,0,,5,0,,0,21,6,1,612
2024-05-26 22:00:00,37,0,discount,2,0,,0,22,6,1,613
2024-05-26 23:00:00,38,0,discount,3,0,music_fest,0,23,6,1,614
2024-05-27 00:00:00,30,0,bogo,5,0,,0,0,0,0,615
2024-05-27 01:00:00,34,1,bogo,4,0,,0,1,0,0,616
2024-05-27 02:00:00,32,1,bogo,5,0,,0,2,0,0,617
2024-05-27 03:00:00,56,0,bogo,5,1,,0,3,0,0,618
2024-05-27 04:00:00,41,1,,2,0,music_fest,0,4,0,0,619
2024-05-27 05:00:00,46,1,,4,0,,0,5,0,0,620
2024-05-27 06:00:00,41,1,discount,3,0,promo_day,0,6,0,0,621
2024-05-27 07:00:00,51,0,bogo,3,1,,0,7,0,0,622
2024-05-27 08:00:00,38,0,,4,0,,0,8,0,0,623
2024-05-27 09:00:00,46,0,bogo,5,0,,0,9,0,0,624
2024-05-27 10:00:00,41,1,discount,2,0,,0,10,0,0,625
2024-05-27 11:00:00,32,0,,4,0,,0,11,0,0,626
2024-05-27 12:00:00,36,0,,4,0,,0,12,0,0,627
2024-05-27 13:00:00,29,0,bogo,3,0,,0,13,0,0,628
2024-05-27 14:00:00,46,0,discount,2,0,music_fest,0,14,0,0,629
2024-05-27 15:00:00,39,0,discount,4,1,,0,15,0,0,630
2024-05-27 16:00:00,46,1,,2,0,,0,16,0,0,631
2024-05-27 17:00:00,35,0,discount,5,0,,0,17,0,0,632
2024-05-27 18:00:00,44,0,bogo,3,0,,0,18,0,0,633
2024-05-27 19:00:00,44,0,bogo,5,0,,0,19,0,0,634
2024-05-27 20:00:00,44,0,discount,2,0,,0,20,0,0,635
2024-05-27 21:00:00,39,0,,5,0,,0,21,0,0,636
2024-05-27 22:00:00,34,0,,3,0,,0,22,0,0,637
2024-05-27 23:00:00,36,0,,2,0,,0,23,0,0,638
2024-05-28 00:00:00,36,0,discount,4,0,,0,0,1,0,639
2024-05-28 01:00:00,33,0,discount,5,0,local_fair,0,1,1,0,640
2024-05-28 02:00:00,32,0,bogo,3,0,,0,2,1,0,641
2024-05-28 03:00:00,40,1,discount,4,0,,0,3,1,0,642
2024-05-28 04:00:00,40,1,,3,0,,0,4,1,0,643
2024-05-28 05:00:00,36,0,discount,2,0,music_fest,0,5,1,0,644
2024-05-28 06:00:00,38,0,bogo,2,0,,0,6,1,0,645
2024-05-28 07:00:00,36,1,bogo,5,0,,0,7,1,0,646
2024-05-28 08:00:00,39,0,,3,0,,0,8,1,0,647
2024-05-28 09:00:00,40,1,discount,3,0,,0,9,1,0,648
2024-05-28 10:00:00,44,1,bogo,3,0,,0,10,1,0,649
2024-05-28 11:00:00,52,0,discount,2,0,,0,11,1,0,650
2024-05-28 12:00:00,32,0,,5,0,,0,12,1,0,651
2024-05-28 13:00:00,40,1,discount,3,0,,0,13,1,0,652
2024-05-28 14:00:00,33,0,,3,1,,0,14,1,0,653
2024-05-28 15:00:00,35,0,,4,0,music_fest,0,15,1,0,654
2024-05-28 16:00:00,38,0,discount,3,0,,0,16,1,0,655
2024-05-28 17:00:00,34,0,,5,1,,0,17,1,0,656
2024-05-28 18:00:00,44,1,discount,4,0,,0,18,1,0,657
2024-05-28 19:00:00,34,1,,4,0,,0,19,1,0,658
2024-05-28 20:00:00,42,1,bogo,4,0,,0,20,1,0,659
2024-05-28 21:00:00,36,0,bogo,2,0,promo_day,0,21,1,0,660
2024-05-28 22:00:00,31,0,bogo,4,0,promo_day,0,22,1,0,661
2024-05-28 23:00:00,31,0,discount,3,1,,0,23,1,0,662
2024-05-29 00:00:00,42,0,,2,0,,0,0,2,0,663
2024-05-29 01:00:00,39,0,discount,2,0,,0,1,2,0,664
2024-05-29 02:00:00,54,1,,2,0,,0,2,2,0,665
2024-05-29 03:00:00,44,1,bogo,2,0,,0,3,2,0,666
2024-05-29 04:00:00,52,0,,2,0,,0,4,2,0,667
2024-05-29 05:00:00,32,1,discount,2,0,,0,5,2,0,668
2024-05-29 06:00:00,40,0,bogo,2,0,,0,6,2,0,669
2024-05-29 07:00:00,35,0,bogo,4,0,,0,7,2,0,670
2024-05-29 08:00:00,43,1,,5,1,,0,8,2,0,671
2024-05-29 09:00:00,44,0,discount,3,0,,0,9,2,0,672
2024-05-29 10:00:00,41,1,discount,3,0,,0,10,2,0,673
2024-05-29 11:00:00,40,1,discount,4,0,,0,11,2,0,674
2024-05-29 12:00:00,39,0,,4,0,,1,12,2,0,675
2024-05-29 13:00:00,42,1,discount,2,0,,0,13,2,0,676
2024-05-29 14:00:00,32,0,bogo,5,0,,0,14,2,0,677
2024-05-29 15:00:00,40,0,discount,2,0,,0,15,2,0,678
2024-05-29 16:00:00,33,0,,4,0,promo_day,0,16,2,0,679
2024-05-29 17:00:00,39,0,,2,1,,0,17,2,0,680
2024-05-29 18:00:00,41,1,bogo,3,0,,0,18,2,0,681
2024-05-29 19:00:00,36,0,bogo,3,1,,0,19,2,0,682
2024-05-29 20:00:00,30,1,discount,2,0,promo_day,0,20,2,0,683
2024-05-29 21:00:00,42,0,discount,5,0,,0,21,2,0,684
2024-05-29 22:00:00,33,0,discount,2,0,music_fest,0,22,2,0,685
2024-05-29 23:00:00,28,1,,2,0,,0,23,2,0,686
2024-05-30 00:00:00,32,0,bogo,5,0,promo_day,0,0,3,0,687
2024-05-30 01:00:00,32,0,,5,0,,0,1,3,0,688
2024-05-30 02:00:00,26,0,bogo,5,0,,0,2,3,0,689
2024-05-30 03:00:00,33,0,,3,1,music_fest,0,3,3,0,690
2024-05-30 04:00:00,46,0,bogo,2,0,local_fair,0,4,3,0,691
2024-05-30 05:00:00,38,1,bogo,4,0,,0,5,3,0,692
2024-05-30 06:00:00,35,0,discount,5,0,,0,6,3,0,693
2024-05-30 07:00:00,39,0,bogo,5,0,,0,7,3,0,694
2024-05-30 08:00:00,37,1,bogo,2,0,,0,8,3,0,695
2024-05-30 09:00:00,31,0,,4,0,,0,9,3,0,696
2024-05-30 10:00:00,32,1,,2,0,promo_day,0,10,3,0,697
2024-05-30 11:00:00,28,0,bogo,2,0,,0,11,3,0,698
2024-05-30 12:00:00,43,0,discount,5,0,,1,12,3,0,699
2024-05-30 13:00:00,41,1,bogo,5,0,,0,13,3,0,700
2024-05-30 14:00:00,49,0,bogo,3,0,,0,14,3,0,701
2024-05-30 15:00:00,36,1,discount,4,0,,0,15,3,0,702
2024-05-30 16:00:00,38,0,,4,1,,0,16,3,0,703
2024-05-30 17:00:00,38,0,,5,0,,0,17,3,0,704
2024-05-30 18:00:00,28,0,,5,0,,0,18,3,0,705
2024-05-30 19:00:00,30,0,discount,5,0,,0,19,3,0,706
2024-05-30 20:00:00,43,1,,4,0,music_fest,0,20,3,0,707
2024-05-30 21:00:00,33,0,,3,1,promo_day,0,21,3,0,708
2024-05-30 22:00:00,28,1,bogo,4,0,,1,22,3,0,709
2024-05-30 23:00:00,39,1,bogo,5,0,,0,23,3,0,710
2024-05-31 00:00:00,36,0,,5,1,,0,0,4,0,711
2024-05-31 01:00:00,40,0,bogo,3,0,,0,1,4,0,712
2024-05-31 02:00:00,48,1,bogo,2,0,,0,2,4,0,713
2024-05-31 03:00:00,29,1,bogo,2,1,,0,3,4,0,714
2024-05-31 04:00:00,36,0,bogo,4,0,,0,4,4,0,715
2024-05-31 05:00:00,44,0,discount,2,1,,0,5,4,0,716
2024-05-31 06:00:00,27,0,,2,0,,0,6,4,0,717
2024-05-31 07:00:00,31,1,,4,1,local_fair,0,7,4,0,718
2024-05-31 08:00:00,40,0,,5,0,,0,8,4,0,719
2024-05-31 09:00:00,30,1,discount,2,1,local_fair,0,9,4,0,720
2024-05-31 10:00:00,49,0,,5,0,,0,10,4,0,721
2024-05-31 11:00:00,40,0,discount,4,0,,0,11,4,0,722
2024-05-31 12:00:00,31,0,discount,5,0,,1,12,4,0,723
2024-05-31 13:00:00,36,0,bogo,5,0,,0,13,4,0,724
2024-05-31 14:00:00,35,0,bogo,4,0,,0,14,4,0,725
2024-05-31 15:00:00,54,0,bogo,5,0,,0,15,4,0,726
2024-05-31 16:00:00,55,0,discount,2,0,,0,16,4,0,727
2024-05-31 17:00:00,34,0,bogo,2,0,,0,17,4,0,728
2024-05-31 18:00:00,37,0,discount,2,0,promo_day,0,18,4,0,729
2024-05-31 19:00:00,40,1,,2,1,,0,19,4,0,730
2024-05-31 20:00:00,40,0,bogo,5,0,,0,20,4,0,731
2024-05-31 21:00:00,30,0,,2,0,,0,21,4,0,732
2024-05-31 22:00:00,43,0,bogo,5,0,,0,22,4,0,733
2024-05-31 23:00:00,30,1,discount,3,0,,0,23,4,0,734
2024-06-01 00:00:00,34,0,,5,0,,0,0,5,1,735
2024-06-01 01:00:00,41,1,discount,2,0,,0,1,5,1,736
2024-06-01 02:00:00,44,1,bogo,3,0,,1,2,5,1,737
2024-06-01 03:00:00,34,1,,4,0,,0,3,5,1,738
2024-06-01 04:00:00,38,0,discount,5,0,,0,4,5,1,739
2024-06-01 05:00:00,30,1,,2,0,promo_day,0,5,5,1,740
2024-06-01 06:00:00,37,0,bogo,2,0,,0,6,5,1,741
2024-06-01 07:00:00,35,0,discount,2,0,,0,7,5,1,742
2024-06-01 08:00:00,44,1,discount,4,0,music_fest,0,8,5,1,743
2024-06-01 09:00:00,43,0,discount,3,0,,0,9,5,1,744
2024-06-01 10:00:00,36,1,,3,0,,0,10,5,1,745
2024-06-01 11:00:00,43,0,,2,0,,0,11,5,1,746
2024-06-01 12:00:00,38,1,discount,5,0,,0,12,5,1,747
2024-06-01 13:00:00,53,0,discount,2,0,local_fair,0,13,5,1,748
2024-06-01 14:00:00,29,0,,2,0,,0,14,5,1,749
2024-06-01 15:00:00,37,0,bogo,5,0,,0,15,5,1,750
2024-06-01 16:00:00,28,1,bogo,2,0,,0,16,5,1,751
2024-06-01 17:00:00,30,0,bogo,4,1,local_fair,0,17,5,1,752
2024-06-01 18:00:00,42,0,discount,2,0,,0,18,5,1,753
2024-06-01 19:00:00,35,0,,4,0,,0,19,5,1,754
2024-06-01 20:00:00,37,1,,2,1,promo_day,0,20,5,1,755
2024-06-01 21:00:00,43,0,discount,3,0,,0,21,5,1,756
2024-06-01 22:00:00,41,0,bogo,5,0,,0,22,5,1,757
2024-06-01 23:00:00,33,0,bogo,3,0,,0,23,5,1,758
2024-06-02 00:00:00,37,0,bogo,2,0,,0,0,6,1,759
2024-06-02 01:00:00,40,0,discount,2,0,,0,1,6,1,760
2024-06-02 02:00:00,26,0,,4,0,,0,2,6,1,761
2024-06-02 03:00:00,30,1,bogo,2,0,,0,3,6,1,762
2024-06-02 04:00:00,38,0,bogo,2,0,,0,4,6,1,763
2024-06-02 05:00:00,22,0,bogo,2,0,,0,5,6,1,764
2024-06-02 06:00:00,42,0,discount,3,0,,0,6,6,1,765
2024-06-02 07:00:00,26,1,discount,4,0,,0,7,6,1,766
2024-06-02 08:00:00,35,1,,3,0,promo_day,0,8,6,1,767
2024-06-02 09:00:00,35,1,discount,4,0,,0,9,6,1,768
2024-06-02 10:00:00,41,0,,3,0,promo_day,0,10,6,1,769
2024-06-02 11:00:00,31,0,bogo,2,1,,0,11,6,1,770
2024-06-02 12:00:00,41,0,bogo,3,0,,0,12,6,1,771
2024-06-02 13:00:00,33,0,bogo,3,0,,0,13,6,1,772
2024-06-02 14:00:00,34,0,bogo,4,0,,0,14,6,1,773
2024-06-02 15:00:00,40,1,discount,4,0,,0,15,6,1,774
2024-06-02 16:00:00,32,1,bogo,3,0,,0,16,6,1,775
2024-06-02 17:00:00,40,1,,4,0,local_fair,0,17,6,1,776
2024-06-02 18:00:00,40,0,,4,0,,0,18,6,1,777
2024-06-02 19:00:00,44,1,discount,4,0,,0,19,6,1,778
2024-06-02 20:00:00,39,0,bogo,5,1,promo_day,0,20,6,1,779
2024-06-02 21:00:00,44,0,discount,4,0,music_fest,0,21,6,1,780
2024-06-02 22:00:00,30,1,discount,5,0,promo_day,0,22,6,1,781
2024-06-02 23:00:00,49,0,discount,5,1,,0,23,6,1,782
2024-06-03 00:00:00,35,0,,4,0,,0,0,0,0,783
2024-06-03 01:00:00,37,0,discount,3,0,,0,1,0,0,784
2024-06-03 02:00:00,51,1,discount,4,0,,0,2,0,0,785
2024-06-03 03:00:00,29,1,discount,2,0,,0,3,0,0,786
2024-06-03 04:00:00,47,0,discount,3,0,,0,4,0,0,787
2024-06-03 05:00:00,34,1,,5,0,,0,5,0,0,788
2024-06-03 06:00:00,48,0,discount,5,0,,0,6,0,0,789
2024-06-03 07:00:00,43,0,discount,3,0,,0,7,0,0,790
2024-06-03 08:00:00,45,1,,3,0,,0,8,0,0,791
2024-06-03 09:00:00,43,1,bogo,4,0,,0,9,0,0,792
2024-06-03 10:00:00,31,1,,5,0,music_fest,0,10,0,0,793
2024-06-03 11:00:00,23,0,bogo,2,0,,0,11,0,0,794
2024-06-03 12:00:00,30,1,discount,4,1,,0,12,0,0,795
2024-06-03 13:00:00,44,1,,3,0,,0,13,0,0,796
2024-06-03 14:00:00,38,1,discount,5,0,,0,14,0,0,797
2024-06-03 15:00:00,42,0,bogo,3,0,,0,15,0,0,798
2024-06-03 16:00:00,39,1,bogo,3,0,music_fest,0,16,0,0,799
2024-06-03 17:00:00,34,0,discount,3,0,,0,17,0,0,800
2024-06-03 18:00:00,41,0,,4,0,,0,18,0,0,801
2024-06-03 19:00:00,40,0,,2,0,,0,19,0,0,802
2024-06-03 20:00:00,31,0,,2,0,,0,20,0,0,803
2024-06-03 21:00:00,28,0,,5,0,music_fest,0,21,0,0,804
2024-06-03 22:00:00,44,1,bogo,3,0,,0,22,0,0,805
2024-06-03 23:00:00,39,0,discount,2,0,,0,23,0,0,806
2024-06-04 00:00:00,40,1,discount,3,0,,0,0,1,0,807
2024-06-04 01:00:00,35,0,bogo,5,0,,0,1,1,0,808
2024-06-04 02:00:00,39,0,bogo,3,0,,0,2,1,0,809
2024-06-04 03:00:00,43,0,,2,0,,0,3,1,0,810
2024-06-04 04:00:00,42,0,bogo,3,0,,0,4,1,0,811
2024-06-04 05:00:00,53,0,bogo,2,1,,1,5,1,0,812
2024-06-04 06:00:00,35,0,bogo,5,0,,0,6,1,0,813
2024-06-04 07:00:00,34,0,,3,0,music_fest,0,7,1,0,814
2024-06-04 08:00:00,37,0,,2,0,,0,8,1,0,815
2024-06-04 09:00:00,47,0,,5,0,,0,9,1,0,816
2024-06-04 10:00:00,36,0,bogo,3,0,music_fest,0,10,1,0,817
2024-06-04 11:00:00,41,0,,5,0,,0,11,1,0,818
2024-06-04 12:00:00,40,1,discount,2,0,,0,12,1,0,819
2024-06-04 13:00:00,44,1,,3,0,,0,13,1,0,820
2024-06-04 14:00:00,39,1,bogo,3,0,,0,14,1,0,821
2024-06-04 15:00:00,40,0,bogo,3,1,local_fair,0,15,1,0,822
2024-06-04 16:00:00,39,1,bogo,5,0,,1,16,1,0,823
2024-06-04 17:00:00,39,1,,5,0,,0,17,1,0,824
2024-06-04 18:00:00,41,1,discount,2,0,,1,18,1,0,825
2024-06-04 19:00:00,33,0,,4,0,,0,19,1,0,826
2024-06-04 20:00:00,38,1,bogo,3,0,local_fair,0,20,1,0,827
2024-06-04 21:00:00,25,1,bogo,3,0,,0,21,1,0,828
2024-06-04 22:00:00,43,0,discount,2,0,,0,22,1,0,829
2024-06-04 23:00:00,43,1,bogo,3,0,,0,23,1,0,830
2024-06-05 00:00:00,37,0,bogo,5,0,,0,0,2,0,831
2024-06-05 01:00:00,35,0,bogo,5,0,,1,1,2,0,832
2024-06-05 02:00:00,28,0,,3,0,,0,2,2,0,833
2024-06-05 03:00:00,40,1,bogo,3,0,,0,3,2,0,834
2024-06-05 04:00:00,40,0,,5,0,,0,4,2,0,835
2024-06-05 05:00:00,40,0,bogo,3,0,promo_day,0,5,2,0,836
2024-06-05 06:00:00,29,0,,5,0,,0,6,2,0,837
2024-06-05 07:00:00,45,0,discount,4,0,,0,7,2,0,838
2024-06-05 08:00:00,39,0,bogo,4,0,local_fair,0,8,2,0,839
2024-06-05 09:00:00,31,1,bogo,3,0,,0,9,2,0,840
2024-06-05 10:00:00,35,1,bogo,3,0,music_fest,0,10,2,0,841
2024-06-05 11:00:00,33,0,,3,1,music_fest,0,11,2,0,842
2024-06-05 12:00:00,34,0,discount,5,0,,0,12,2,0,843
2024-06-05 13:00:00,33,0,discount,4,0,,1,13,2,0,844
2024-06-05 14:00:00,31,1,,4,0,,0,14,2,0,845
2024-06-05 15:00:00,37,0,discount,2,0,,0,15,2,0,846
2024-06-05 16:00:00,30,0,,2,0,,0,16,2,0,847
2024-06-05 17:00:00,42,0,bogo,3,0,,1,17,2,0,848
2024-06-05 18:00:00,37,1,,5,0,,0,18,2,0,849
2024-06-05 19:00:00,43,1,discount,3,0,,0,19,2,0,850
2024-06-05 20:00:00,40,1,discount,4,1,,0,20,2,0,851
2024-06-05 21:00:00,43,1,bogo,3,0,promo_day,0,21,2,0,852
2024-06-05 22:00:00,53,0,,3,0,,0,22,2,0,853
2024-06-05 23:00:00,25,0,bogo,4,0,,1,23,2,0,854
2024-06-06 00:00:00,33,0,bogo,4,0,,0,0,3,0,855
2024-06-06 01:00:00,47,0,,4,0,promo_day,1,1,3,0,856
2024-06-06 02:00:00,33,0,,4,1,promo_day,0,2,3,0,857
2024-06-06 03:00:00,37,0,,2,0,,0,3,3,0,858
2024-06-06 04:00:00,26,0,,5,1,music_fest,0,4,3,0,859
2024-06-06 05:00:00,20,1,discount,5,0,,0,5,3,0,860
2024-06-06 06:00:00,48,1,discount,4,1,promo_day,0,6,3,0,861
2024-06-06 07:00:00,38,1,,5,0,,0,7,3,0,862
2024-06-06 08:00:00,35,1,,5,0,,0,8,3,0,863
2024-06-06 09:00:00,54,0,discount,5,0,,0,9,3,0,864
2024-06-06 10:00:00,50,1,discount,5,0,,0,10,3,0,865
2024-06-06 11:00:00,36,0,,4,0,,0,11,3,0,866
2024-06-06 12:00:00,33,1,discount,3,0,,0,12,3,0,867
2024-06-06 13:00:00,32,0,bogo,3,0,promo_day,0,13,3,0,868
2024-06-06 14:00:00,40,1,bogo,3,0,,0,14,3,0,869
2024-06-06 15:00:00,29,0,bogo,2,1,,0,15,3,0,870
2024-06-06 16:00:00,32,0,,5,1,,0,16,3,0,871
2024-06-06 17:00:00,45,1,bogo,4,0,,0,17,3,0,872
2024-06-06 18:00:00,38,0,,4,0,music_fest,0,18,3,0,873
2024-06-06 19:00:00,45,1,bogo,2,0,,0,19,3,0,874
2024-06-06 20:00:00,26,1,bogo,4,0,,0,20,3,0,875
2024-06-06 21:00:00,39,1,,3,0,,0,21,3,0,876
2024-06-06 22:00:00,37,1,discount,2,0,,0,22,3,0,877
2024-06-06 23:00:00,45,1,discount,4,0,promo_day,0,23,3,0,878
2024-06-07 00:00:00,37,0,discount,2,0,,0,0,4,0,879
2024-06-07 01:00:00,41,1,discount,2,0,music_fest,0,1,4,0,880
2024-06-07 02:00:00,26,1,bogo,4,0,,0,2,4,0,881
2024-06-07 03:00:00,44,1,,3,0,,0,3,4,0,882
2024-06-07 04:00:00,32,0,,4,0,promo_day,0,4,4,0,883
2024-06-07 05:00:00,31,1,,5,0,,0,5,4,0,884
2024-06-07 06:00:00,43,1,bogo,5,0,,0,6,4,0,885
2024-06-07 07:00:00,32,1,bogo,4,0,,0,7,4,0,886
2024-06-07 08:00:00,33,0,bogo,3,0,,0,8,4,0,887
2024-06-07 09:00:00,37,0,discount,5,0,music_fest,0,9,4,0,888
2024-06-07 10:00:00,38,0,discount,5,0,,0,10,4,0,889
2024-06-07 11:00:00,29,1,bogo,4,0,local_fair,0,11,4,0,890
2024-06-07 12:00:00,44,1,,4,0,,0,12,4,0,891
2024-06-07 13:00:00,32,0,discount,4,0,,0,13,4,0,892
2024-06-07 14:00:00,34,0,discount,2,0,,0,14,4,0,893
2024-06-07 15:00:00,39,0,,2,0,,0,15,4,0,894
2024-06-07 16:00:00,44,0,discount,2,1,promo_day,0,16,4,0,895
2024-06-07 17:00:00,48,1,,4,0,,0,17,4,0,896
2024-06-07 18:00:00,31,1,,3,0,,0,18,4,0,897
2024-06-07 19:00:00,44,0,,5,0,music_fest,0,19,4,0,898
2024-06-07 20:00:00,30,0,bogo,2,0,,0,20,4,0,899
2024-06-07 21:00:00,41,0,,3,0,,0,21,4,0,900
2024-06-07 22:00:00,37,1,bogo,4,0,music_fest,0,22,4,0,901
2024-06-07 23:00:00,44,0,,2,0,,0,23,4,0,902
2024-06-08 00:00:00,55,0,bogo,4,0,,0,0,5,1,903
2024-06-08 01:00:00,40,0,discount,3,0,,0,1,5,1,904
2024-06-08 02:00:00,46,1,bogo,2,0,,0,2,5,1,905
2024-06-08 03:00:00,31,1,bogo,2,0,,1,3,5,1,906
2024-06-08 04:00:00,39,1,,2,0,,0,4,5,1,907
2024-06-08 05:00:00,27,0,,2,0,,1,5,5,1,908
2024-06-08 06:00:00,44,0,,3,0,,0,6,5,1,909
2024-06-08 07:00:00,42,0,discount,2,0,promo_day,0,7,5,1,910
2024-06-08 08:00:00,37,1,,5,0,,0,8,5,1,911
2024-06-08 09:00:00,37,0,bogo,5,0,,0,9,5,1,912
2024-06-08 10:00:00,38,0,,4,0,,0,10,5,1,913
2024-06-08 11:00:00,35,1,,2,0,,0,11,5,1,914
2024-06-08 12:00:00,42,1,discount,5,0,,0,12,5,1,915
2024-06-08 13:00:00,28,0,,5,0,,0,13,5,1,916
2024-06-08 14:00:00,30,0,discount,5,0,,0,14,5,1,917
2024-06-08 15:00:00,37,0,bogo,3,0,,1,15,5,1,918
2024-06-08 16:00:00,41,1,bogo,2,0,,0,16,5,1,919
2024-06-08 17:00:00,35,1,discount,3,0,,0,17,5,1,920
2024-06-08 18:00:00,40,0,,3,0,,0,18,5,1,921
2024-06-08 19:00:00,41,0,discount,5,0,,0,19,5,1,922
2024-06-08 20:00:00,41,1,discount,5,0,,0,20,5,1,923
2024-06-08 21:00:00,31,1,bogo,4,0,,0,21,5,1,924
2024-06-08 22:00:00,32,0,,2,0,,0,22,5,1,925
2024-06-08 23:00:00,34,0,,2,0,,0,23,5,1,926
2024-06-09 00:00:00,41,0,,5,0,,0,0,6,1,927
2024-06-09 01:00:00,34,0,,5,0,music_fest,0,1,6,1,928
2024-06-09 02:00:00,46,1,bogo,2,0,music_fest,0,2,6,1,929
2024-06-09 03:00:00,43,1,discount,4,0,,0,3,6,1,930
2024-06-09 04:00:00,41,1,discount,5,0,,0,4,6,1,931
2024-06-09 05:00:00,29,0,bogo,4,0,,0,5,6,1,932
2024-06-09 06:00:00,37,1,,3,0,,0,6,6,1,933
2024-06-09 07:00:00,39,0,bogo,5,0,,0,7,6,1,934
2024-06-09 08:00:00,60,0,,3,0,,0,8,6,1,935
2024-06-09 09:00:00,36,0,bogo,5,0,,0,9,6,1,936
2024-06-09 10:00:00,34,0,discount,3,0,,1,10,6,1,937
2024-06-09 11:00:00,34,1,discount,5,0,music_fest,0,11,6,1,938
2024-06-09 12:00:00,42,0,,4,0,,0,12,6,1,939
2024-06-09 13:00:00,45,0,,4,1,,0,13,6,1,940
2024-06-09 14:00:00,46,0,,4,0,,1,14,6,1,941
2024-06-09 15:00:00,42,0,discount,3,0,,0,15,6,1,942
2024-06-09 16:00:00,28,0,,4,0,promo_day,0,16,6,1,943
2024-06-09 17:00:00,34,0,discount,3,0,,0,17,6,1,944
2024-06-09 18:00:00,34,1,discount,5,0,,0,18,6,1,945
2024-06-09 19:00:00,42,0,,3,0,,0,19,6,1,946
2024-06-09 20:00:00,47,0,discount,5,0,music_fest,0,20,6,1,947
2024-06-09 21:00:00,41,0,,2,0,music_fest,1,21,6,1,948
2024-06-09 22:00:00,47,1,discount,2,0,,0,22,6,1,949
2024-06-09 23:00:00,27,0,bogo,2,0,,0,23,6,1,950
2024-06-10 00:00:00,44,0,,3,0,,0,0,0,0,951
2024-06-10 01:00:00,45,0,bogo,2,1,,1,1,0,0,952
2024-06-10 02:00:00,40,0,,2,0,promo_day,0,2,0,0,953
2024-06-10 03:00:00,41,0,discount,2,1,,0,3,0,0,954
2024-06-10 04:00:00,46,1,,5,0,promo_day,0,4,0,0,955
2024-06-10 05:00:00,38,1,bogo,4,0,,0,5,0,0,956
2024-06-10 06:00:00,34,0,discount,3,0,music_fest,0,6,0,0,957
2024-06-10 07:00:00,43,1,bogo,2,0,,0,7,0,0,958
2024-06-10 08:00:00,47,1,discount,5,0,promo_day,1,8,0,0,959
2024-06-10 09:00:00,40,0,,4,0,,0,9,0,0,960
2024-06-10 10:00:00,39,0,bogo,4,0,,0,10,0,0,961
2024-06-10 11:00:00,33,0,discount,4,0,,0,11,0,0,962
2024-06-10 12:00:00,29,0,bogo,5,0,,0,12,0,0,963
2024-06-10 13:00:00,38,1,bogo,2,0,,0,13,0,0,964
2024-06-10 14:00:00,52,1,,4,0,promo_day,1,14,0,0,965
2024-06-10 15:00:00,42,1,,5,0,,0,15,0,0,966
2024-06-10 16:00:00,40,1,bogo,5,1,,0,16,0,0,967
2024-06-10 17:00:00,33,0,,3,0,,0,17,0,0,968
2024-06-10 18:00:00,37,0,bogo,5,1,music_fest,0,18,0,0,969
2024-06-10 19:00:00,30,1,discount,4,0,,0,19,0,0,970
2024-06-10 20:00:00,37,0,,4,0,,0,20,0,0,971
2024-06-10 21:00:00,40,1,bogo,5,0,,0,21,0,0,972
2024-06-10 22:00:00,32,1,,4,0,,0,22,0,0,973
2024-06-10 23:00:00,32,1,,5,0,,0,23,0,0,974
2024-06-11 00:00:00,29,1,bogo,4,0,,0,0,1,0,975
2024-06-11 01:00:00,44,0,,3,1,,0,1,1,0,976
2024-06-11 02:00:00,38,1,,2,0,,0,2,1,0,977
2024-06-11 03:00:00,49,1,bogo,3,0,,0,3,1,0,978
2024-06-11 04:00:00,28,0,,3,0,,0,4,1,0,979
2024-06-11 05:00:00,29,1,bogo,2,0,,0,5,1,0,980
2024-06-11 06:00:00,38,0,,4,0,,0,6,1,0,981
2024-06-11 07:00:00,38,1,,2,1,,0,7,1,0,982
2024-06-11 08:00:00,33,0,discount,5,1,,0,8,1,0,983
2024-06-11 09:00:00,36,0,bogo,2,1,,0,9,1,0,984
2024-06-11 10:00:00,48,0,,3,1,,0,10,1,0,985
2024-06-11 11:00:00,40,1,discount,2,0,,0,11,1,0,986
2024-06-11 12:00:00,44,0,discount,4,0,,0,12,1,0,987
2024-06-11 13:00:00,40,0,bogo,3,0,,0,13,1,0,988
2024-06-11 14:00:00,33,0,bogo,5,1,,0,14,1,0,989
2024-06-11 15:00:00,40,1,bogo,4,0,local_fair,0,15,1,0,990
2024-06-11 16:00:00,29,0,discount,3,0,,0,16,1,0,991
2024-06-11 17:00:00,37,0,discount,5,0,,0,17,1,0,992
2024-06-11 18:00:00,29,1,,4,0,,0,18,1,0,993
2024-06-11 19:00:00,43,0,bogo,5,0,,0,19,1,0,994
2024-06-11 20:00:00,27,1,discount,2,0,,0,20,1,0,995
2024-06-11 21:00:00,50,0,bogo,2,0,,0,21,1,0,996
2024-06-11 22:00:00,41,1,bogo,5,0,music_fest,0,22,1,0,997
2024-06-11 23:00:00,39,0,discount,2,0,,0,23,1,0,998
2024-06-12 00:00:00,40,0,discount,5,0,,0,0,2,0,999
2024-06-12 01:00:00,40,1,discount,4,0,,0,1,2,0,1000
2024-06-12 02:00:00,42,0,,3,0,,0,2,2,0,1001
2024-06-12 03:00:00,47,1,,5,0,,0,3,2,0,1002
2024-06-12 04:00:00,38,0,,3,0,,0,4,2,0,1003
2024-06-12 05:00:00,34,0,,3,0,,0,5,2,0,1004
2024-06-12 06:00:00,39,0,,5,0,,0,6,2,0,1005
2024-06-12 07:00:00,29,1,bogo,2,0,music_fest,1,7,2,0,1006
2024-06-12 08:00:00,35,0,,4,0,,0,8,2,0,1007
2024-06-12 09:00:00,41,0,discount,3,0,,0,9,2,0,1008
2024-06-12 10:00:00,41,0,,4,0,,0,10,2,0,1009
2024-06-12 11:00:00,41,0,,3,0,,0,11,2,0,1010
2024-06-12 12:00:00,34,0,bogo,5,1,local_fair,0,12,2,0,1011
2024-06-12 13:00:00,37,1,bogo,2,0,,0,13,2,0,1012
2024-06-12 14:00:00,48,0,discount,4,0,,0,14,2,0,1013
2024-06-12 15:00:00,34,1,,3,0,,0,15,2,0,1014
2024-06-12 16:00:00,35,0,,5,0,,0,16,2,0,1015
2024-06-12 17:00:00,42,1,,5,0,,0,17,2,0,1016
2024-06-12 18:00:00,35,1,bogo,3,0,,0,18,2,0,1017
2024-06-12 19:00:00,36,0,,3,0,promo_day,0,19,2,0,1018
2024-06-12 20:00:00,47,1,bogo,3,0,music_fest,1,20,2,0,1019
2024-06-12 21:00:00,30,0,,2,0,,0,21,2,0,1020
2024-06-12 22:00:00,40,1,bogo,3,0,,0,22,2,0,1021
2024-06-12 23:00:00,35,1,bogo,3,0,,0,23,2,0,1022
2024-06-13 00:00:00,36,0,bogo,2,0,,0,0,3,0,1023
2024-06-13 01:00:00,41,0,,5,1,,0,1,3,0,1024
2024-06-13 02:00:00,35,0,,3,0,,0,2,3,0,1025
2024-06-13 03:00:00,41,0,discount,4,0,,0,3,3,0,1026
2024-06-13 04:00:00,37,0,discount,5,0,,0,4,3,0,1027
2024-06-13 05:00:00,36,0,,4,0,music_fest,0,5,3,0,1028
2024-06-13 06:00:00,31,0,bogo,3,0,local_fair,0,6,3,0,1029
2024-06-13 07:00:00,43,1,,2,0,,0,7,3,0,1030
2024-06-13 08:00:00,34,0,bogo,2,1,music_fest,0,8,3,0,1031
2024-06-13 09:00:00,34,0,discount,2,1,,0,9,3,0,1032
2024-06-13 10:00:00,40,1,,3,0,,0,10,3,0,1033
2024-06-13 11:00:00,54,0,,3,0,,0,11,3,0,1034
2024-06-13 12:00:00,36,0,bogo,4,0,,0,12,3,0,1035
2024-06-13 13:00:00,39,0,bogo,2,0,local_fair,0,13,3,0,1036
2024-06-13 14:00:00,39,1,,3,0,,0,14,3,0,1037
2024-06-13 15:00:00,37,1,discount,5,0,music_fest,0,15,3,0,1038
2024-06-13 16:00:00,33,0,,3,0,,0,16,3,0,1039
2024-06-13 17:00:00,25,1,discount,3,0,,0,17,3,0,1040
2024-06-13 18:00:00,39,0,bogo,5,0,,0,18,3,0,1041
2024-06-13 19:00:00,39,1,,2,0,,0,19,3,0,1042
2024-06-13 20:00:00,37,1,,5,1,,0,20,3,0,1043
2024-06-13 21:00:00,38,1,bogo,2,0,,0,21,3,0,1044
2024-06-13 22:00:00,40,0,,5,0,,0,22,3,0,1045
2024-06-13 23:00:00,40,0,bogo,4,0,,0,23,3,0,1046
2024-06-14 00:00:00,36,0,discount,2,0,,0,0,4,0,1047
2024-06-14 01:00:00,37,1,,3,0,,0,1,4,0,1048
2024-06-14 02:00:00,48,0,,4,0,,0,2,4,0,1049
2024-06-14 03:00:00,38,1,,2,0,,0,3,4,0,1050
2024-06-14 04:00:00,30,1,bogo,2,1,,0,4,4,0,1051
2024-06-14 05:00:00,51,0,discount,2,0,music_fest,0,5,4,0,1052
2024-06-14 06:00:00,37,1,discount,5,0,,0,6,4,0,1053
2024-06-14 07:00:00,39,1,bogo,2,0,,1,7,4,0,1054
2024-06-14 08:00:00,34,1,,3,0,music_fest,0,8,4,0,1055
2024-06-14 09:00:00,43,1,bogo,2,1,music_fest,0,9,4,0,1056
2024-06-14 10:00:00,38,1,,3,0,music_fest,0,10,4,0,1057
2024-06-14 11:00:00,39,0,discount,3,1,,0,11,4,0,1058
2024-06-14 12:00:00,44,1,bogo,3,0,,0,12,4,0,1059
2024-06-14 13:00:00,32,0,discount,4,0,,0,13,4,0,1060
2024-06-14 14:00:00,45,1,bogo,3,0,,0,14,4,0,1061
2024-06-14 15:00:00,37,1,discount,5,0,local_fair,0,15,4,0,1062
2024-06-14 16:00:00,40,0,,2,1,,0,16,4,0,1063
2024-06-14 17:00:00,41,1,discount,5,0,,1,17,4,0,1064
2024-06-14 18:00:00,41,0,,4,0,,0,18,4,0,1065
2024-06-14 19:00:00,34,0,bogo,2,0,,0,19,4,0,1066
2024-06-14 20:00:00,44,0,,3,0,,0,20,4,0,1067
2024-06-14 21:00:00,41,1,bogo,2,0,,0,21,4,0,1068
2024-06-14 22:00:00,34,1,,4,0,music_fest,0,22,4,0,1069
2024-06-14 23:00:00,42,1,discount,4,0,local_fair,0,23,4,0,1070
2024-06-15 00:00:00,42,0,,5,0,,0,0,5,1,1071
2024-06-15 01:00:00,43,1,,2,0,,0,1,5,1,1072
2024-06-15 02:00:00,41,1,discount,2,0,,0,2,5,1,1073
2024-06-15 03:00:00,45,0,discount,2,0,,1,3,5,1,1074
2024-06-15 04:00:00,28,0,bogo,5,0,local_fair,0,4,5,1,1075
2024-06-15 05:00:00,27,0,,4,0,,0,5,5,1,1076
2024-06-15 06:00:00,36,1,bogo,3,0,,0,6,5,1,1077
2024-06-15 07:00:00,35,1,bogo,2,1,,0,7,5,1,1078
2024-06-15 08:00:00,38,1,discount,5,0,,1,8,5,1,1079
2024-06-15 09:00:00,27,0,discount,5,0,,0,9,5,1,1080
2024-06-15 10:00:00,44,1,,3,0,,0,10,5,1,1081
2024-06-15 11:00:00,24,0,discount,4,0,,0,11,5,1,1082
2024-06-15 12:00:00,36,0,,2,0,,0,12,5,1,1083
2024-06-15 13:00:00,33,1,,2,0,,0,13,5,1,1084
2024-06-15 14:00:00,36,0,discount,5,0,music_fest,1,14,5,1,1085
2024-06-15 15:00:00,34,1,,4,0,,0,15,5,1,1086
2024-06-15 16:00:00,32,0,discount,2,0,,1,16,5,1,1087
2024-06-15 17:00:00,35,1,,3,0,,0,17,5,1,1088
2024-06-15 18:00:00,38,0,discount,4,1,,0,18,5,1,1089
2024-06-15 19:00:00,39,0,,4,0,,0,19,5,1,1090
2024-06-15 20:00:00,27,0,bogo,5,0,promo_day,0,20,5,1,1091
2024-06-15 21:00:00,33,0,bogo,5,0,,0,21,5,1,1092
2024-06-15 22:00:00,44,1,bogo,2,0,,0,22,5,1,1093
2024-06-15 23:00:00,39,0,discount,5,0,,0,23,5,1,1094
2024-06-16 00:00:00,30,1,,4,0,,0,0,6,1,1095
2024-06-16 01:00:00,33,1,bogo,2,0,,0,1,6,1,1096
2024-06-16 02:00:00,34,0,,2,0,local_fair,0,2,6,1,1097
2024-06-16 03:00:00,40,0,discount,4,0,,0,3,6,1,1098
2024-06-16 04:00:00,43,1,,2,0,,0,4,6,1,1099
2024-06-16 05:00:00,24,1,discount,3,1,,0,5,6,1,1100
2024-06-16 06:00:00,42,1,bogo,3,0,,0,6,6,1,1101
2024-06-16 07:00:00,45,0,discount,2,0,,0,7,6,1,1102
2024-06-16 08:00:00,33,1,,5,0,,0,8,6,1,1103
2024-06-16 09:00:00,34,0,discount,3,1,,0,9,6,1,1104
2024-06-16 10:00:00,35,1,,2,0,,0,10,6,1,1105
2024-06-16 11:00:00,45,1,,3,0,,0,11,6,1,1106
2024-06-16 12:00:00,37,0,discount,5,0,,0,12,6,1,1107
2024-06-16 13:00:00,36,0,,4,0,,0,13,6,1,1108
2024-06-16 14:00:00,28,0,discount,2,0,,0,14,6,1,1109
2024-06-16 15:00:00,38,0,bogo,2,0,,0,15,6,1,1110
2024-06-16 16:00:00,40,1,,2,1,,0,16,6,1,1111
2024-06-16 17:00:00,42,0,,2,0,,0,17,6,1,1112
2024-06-16 18:00:00,34,0,,2,0,,0,18,6,1,1113
2024-06-16 19:00:00,43,0,discount,2,0,music_fest,0,19,6,1,1114
2024-06-16 20:00:00,24,1,bogo,5,0,,0,20,6,1,1115
2024-06-16 21:00:00,53,1,discount,4,0,,0,21,6,1,1116
2024-06-16 22:00:00,37,0,,5,0,,0,22,6,1,1117
2024-06-16 23:00:00,32,0,bogo,5,0,,0,23,6,1,1118
2024-06-17 00:00:00,35,1,,4,0,,0,0,0,0,1119
2024-06-17 01:00:00,43,1,discount,5,1,,0,1,0,0,1120
2024-06-17 02:00:00,32,0,bogo,3,0,,0,2,0,0,1121
2024-06-17 03:00:00,37,0,bogo,5,1,,0,3,0,0,1122
2024-06-17 04:00:00,32,0,discount,2,0,,0,4,0,0,1123
2024-06-17 05:00:00,40,0,bogo,3,0,,0,5,0,0,1124
2024-06-17 06:00:00,30,0,,3,0,,0,6,0,0,1125
2024-06-17 07:00:00,42,1,,4,0,,0,7,0,0,1126
2024-06-17 08:00:00,40,0,bogo,5,0,,0,8,0,0,1127
2024-06-17 09:00:00,42,1,bogo,5,0,,0,9,0,0,1128
2024-06-17 10:00:00,47,0,discount,3,0,,0,10,0,0,1129
2024-06-17 11:00:00,35,1,,5,0,,0,11,0,0,1130
2024-06-17 12:00:00,29,1,discount,5,0,,0,12,0,0,1131
2024-06-17 13:00:00,33,0,,4,0,,0,13,0,0,1132
2024-06-17 14:00:00,35,0,bogo,3,0,local_fair,0,14,0,0,1133
2024-06-17 15:00:00,29,1,bogo,2,0,,0,15,0,0,1134
2024-06-17 16:00:00,38,0,,3,0,,0,16,0,0,1135
2024-06-17 17:00:00,38,0,discount,4,0,,0,17,0,0,1136
2024-06-17 18:00:00,54,0,bogo,4,0,,0,18,0,0,1137
2024-06-17 19:00:00,41,1,bogo,4,0,,0,19,0,0,1138
2024-06-17 20:00:00,43,0,discount,5,0,,0,20,0,0,1139
2024-06-17 21:00:00,29,1,bogo,3,0,,0,21,0,0,1140
2024-06-17 22:00:00,43,0,,5,0,music_fest,0,22,0,0,1141
2024-06-17 23:00:00,29,1,,5,0,,0,23,0,0,1142
2024-06-18 00:00:00,43,0,discount,3,0,,0,0,1,0,1143
2024-06-18 01:00:00,35,1,,4,0,,0,1,1,0,1144
2024-06-18 02:00:00,45,0,discount,2,0,music_fest,0,2,1,0,1145
2024-06-18 03:00:00,47,1,discount,2,0,local_fair,0,3,1,0,1146
2024-06-18 04:00:00,43,1,discount,3,0,,1,4,1,0,1147
2024-06-18 05:00:00,36,0,discount,3,0,,0,5,1,0,1148
2024-06-18 06:00:00,26,0,discount,4,0,,0,6,1,0,1149
2024-06-18 07:00:00,33,0,,3,0,,0,7,1,0,1150
2024-06-18 08:00:00,43,0,bogo,3,0,,0,8,1,0,1151
2024-06-18 09:00:00,50,1,discount,4,0,,0,9,1,0,1152
2024-06-18 10:00:00,54,0,discount,4,0,music_fest,0,10,1,0,1153
2024-06-18 11:00:00,35,0,,5,0,,0,11,1,0,1154
2024-06-18 12:00:00,32,1,,3,0,,0,12,1,0,1155
2024-06-18 13:00:00,40,0,discount,2,0,,0,13,1,0,1156
2024-06-18 14:00:00,39,0,discount,3,0,,0,14,1,0,1157
2024-06-18 15:00:00,44,0,discount,2,0,,0,15,1,0,1158
2024-06-18 16:00:00,36,1,discount,2,0,,0,16,1,0,1159
2024-06-18 17:00:00,33,1,discount,2,0,,0,17,1,0,1160
2024-06-18 18:00:00,48,1,bogo,5,0,,0,18,1,0,1161
2024-06-18 19:00:00,37,0,discount,4,0,,0,19,1,0,1162
2024-06-18 20:00:00,42,1,bogo,4,0,,0,20,1,0,1163
2024-06-18 21:00:00,30,0,discount,5,0,,0,21,1,0,1164
2024-06-18 22:00:00,40,0,,4,0,,0,22,1,0,1165
2024-06-18 23:00:00,38,0,,5,0,,0,23,1,0,1166
2024-06-19 00:00:00,38,0,bogo,3,0,,0,0,2,0,1167
2024-06-19 01:00:00,27,0,bogo,5,0,,0,1,2,0,1168
2024-06-19 02:00:00,44,0,bogo,4,0,,0,2,2,0,1169
2024-06-19 03:00:00,39,0,bogo,4,0,local_fair,0,3,2,0,1170
2024-06-19 04:00:00,23,0,,3,0,local_fair,0,4,2,0,1171
2024-06-19 05:00:00,37,1,bogo,5,0,,0,5,2,0,1172
2024-06-19 06:00:00,45,0,,3,0,local_fair,0,6,2,0,1173
2024-06-19 07:00:00,54,1,,2,0,music_fest,0,7,2,0,1174
2024-06-19 08:00:00,39,0,bogo,5,0,music_fest,0,8,2,0,1175
2024-06-19 09:00:00,37,1,bogo,3,0,,1,9,2,0,1176
2024-06-19 10:00:00,27,0,discount,3,0,,0,10,2,0,1177
2024-06-19 11:00:00,43,0,discount,4,0,,0,11,2,0,1178
2024-06-19 12:00:00,37,0,bogo,5,0,,0,12,2,0,1179
2024-06-19 13:00:00,33,1,discount,2,0,,0,13,2,0,1180
2024-06-19 14:00:00,41,1,,2,0,,0,14,2,0,1181
2024-06-19 15:00:00,39,0,discount,5,0,,0,15,2,0,1182
2024-06-19 16:00:00,38,0,bogo,5,0,,0,16,2,0,1183
2024-06-19 17:00:00,49,1,,3,0,,0,17,2,0,1184
2024-06-19 18:00:00,40,1,,4,0,,0,18,2,0,1185
2024-06-19 19:00:00,34,0,bogo,4,0,local_fair,0,19,2,0,1186
2024-06-19 20:00:00,42,0,,4,0,,0,20,2,0,1187
2024-06-19 21:00:00,36,0,bogo,5,1,,1,21,2,0,1188
2024-06-19 22:00:00,37,1,bogo,4,0,,0,22,2,0,1189
2024-06-19 23:00:00,29,0,discount,3,1,,0,23,2,0,1190
2024-06-20 00:00:00,36,1,bogo,5,0,,0,0,3,0,1191
2024-06-20 01:00:00,43,0,,5,0,music_fest,0,1,3,0,1192
2024-06-20 02:00:00,36,0,,4,0,,0,2,3,0,1193
2024-06-20 03:00:00,39,0,,2,0,,0,3,3,0,1194
2024-06-20 04:00:00,43,1,bogo,2,0,,0,4,3,0,1195
2024-06-20 05:00:00,39,1,discount,3,0,,0,5,3,0,1196
2024-06-20 06:00:00,41,0,discount,4,0,,0,6,3,0,1197
2024-06-20 07:00:00,32,1,bogo,4,0,,0,7,3,0,1198
2024-06-20 08:00:00,28,0,,5,0,,0,8,3,0,1199
2024-06-20 09:00:00,32,0,,5,0,,0,9,3,0,1200
2024-06-20 10:00:00,21,0,discount,4,0,,0,10,3,0,1201
2024-06-20 11:00:00,46,0,bogo,5,0,,0,11,3,0,1202
2024-06-20 12:00:00,52,0,bogo,4,0,music_fest,0,12,3,0,1203
2024-06-20 13:00:00,37,1,bogo,3,0,,0,13,3,0,1204
2024-06-20 14:00:00,38,0,discount,5,0,music_fest,0,14,3,0,1205
2024-06-20 15:00:00,34,1,discount,4,0,,0,15,3,0,1206
2024-06-20 16:00:00,47,0,discount,5,0,,0,16,3,0,1207
2024-06-20 17:00:00,43,1,discount,3,0,,0,17,3,0,1208
2024-06-20 18:00:00,38,0,discount,5,0,,0,18,3,0,1209
2024-06-20 19:00:00,39,0,discount,4,0,,0,19,3,0,1210
2024-06-20 20:00:00,35,0,,5,1,,0,20,3,0,1211
2024-06-20 21:00:00,32,0,bogo,5,1,,0,21,3,0,1212
2024-06-20 22:00:00,38,1,,4,0,,0,22,3,0,1213
2024-06-20 23:00:00,35,0,discount,2,0,,0,23,3,0,1214
2024-06-21 00:00:00,43,1,bogo,5,0,local_fair,0,0,4,0,1215
2024-06-21 01:00:00,38,0,bogo,5,0,,0,1,4,0,1216
2024-06-21 02:00:00,36,0,discount,3,0,,0,2,4,0,1217
2024-06-21 03:00:00,30,0,,2,0,,1,3,4,0,1218
2024-06-21 04:00:00,38,1,discount,3,0,,0,4,4,0,1219
2024-06-21 05:00:00,34,1,,4,0,,0,5,4,0,1220
2024-06-21 06:00:00,32,0,,4,0,,0,6,4,0,1221
2024-06-21 07:00:00,32,0,bogo,3,0,,0,7,4,0,1222
2024-06-21 08:00:00,42,0,bogo,5,0,,0,8,4,0,1223
2024-06-21 09:00:00,36,1,,2,0,,0,9,4,0,1224
2024-06-21 10:00:00,34,1,bogo,3,0,local_fair,0,10,4,0,1225
2024-06-21 11:00:00,44,0,,3,0,,0,11,4,0,1226
2024-06-21 12:00:00,35,0,discount,4,0,,0,12,4,0,1227
2024-06-21 13:00:00,43,0,discount,5,0,,0,13,4,0,1228
2024-06-21 14:00:00,39,1,bogo,2,0,music_fest,0,14,4,0,1229
2024-06-21 15:00:00,27,0,bogo,3,1,,0,15,4,0,1230
2024-06-21 16:00:00,42,1,,2,0,,0,16,4,0,1231
2024-06-21 17:00:00,43,0,discount,2,0,,0,17,4,0,1232
2024-06-21 18:00:00,52,1,,3,0,,0,18,4,0,1233
2024-06-21 19:00:00,33,1,discount,2,0,,0,19,4,0,1234
2024-06-21 20:00:00,34,1,bogo,4,1,promo_day,0,20,4,0,1235
2024-06-21 21:00:00,43,1,bogo,5,0,,0,21,4,0,1236
2024-06-21 22:00:00,38,1,bogo,5,0,,1,22,4,0,1237
2024-06-21 23:00:00,35,0,discount,5,0,,0,23,4,0,1238
2024-06-22 00:00:00,44,0,bogo,4,0,,0,0,5,1,1239
2024-06-22 01:00:00,42,0,,4,0,,0,1,5,1,1240
2024-06-22 02:00:00,48,1,bogo,4,0,promo_day,0,2,5,1,1241
2024-06-22 03:00:00,42,0,bogo,5,0,,0,3,5,1,1242
2024-06-22 04:00:00,33,1,,2,1,promo_day,0,4,5,1,1243
2024-06-22 05:00:00,32,1,,4,0,music_fest,0,5,5,1,1244
2024-06-22 06:00:00,45,0,bogo,3,0,,0,6,5,1,1245
2024-06-22 07:00:00,42,0,discount,4,0,,0,7,5,1,1246
2024-06-22 08:00:00,51,0,,3,0,,0,8,5,1,1247
2024-06-22 09:00:00,36,0,bogo,5,0,,0,9,5,1,1248
2024-06-22 10:00:00,43,0,discount,3,0,,0,10,5,1,1249
2024-06-22 11:00:00,36,0,discount,4,0,,0,11,5,1,1250
2024-06-22 12:00:00,45,1,,4,0,,0,12,5,1,1251
2024-06-22 13:00:00,37,1,discount,2,0,music_fest,0,13,5,1,1252
2024-06-22 14:00:00,42,0,,5,0,music_fest,0,14,5,1,1253
2024-06-22 15:00:00,24,0,discount,3,0,,0,15,5,1,1254
2024-06-22 16:00:00,31,0,,5,0,,1,16,5,1,1255
2024-06-22 17:00:00,39,1,bogo,4,1,,0,17,5,1,1256
2024-06-22 18:00:00,30,1,bogo,2,0,,0,18,5,1,1257
2024-06-22 19:00:00,31,0,,4,0,,0,19,5,1,1258
2024-06-22 20:00:00,34,0,bogo,4,0,,0,20,5,1,1259
2024-06-22 21:00:00,41,1,bogo,4,0,,0,21,5,1,1260
2024-06-22 22:00:00,33,1,discount,3,0,,0,22,5,1,1261
2024-06-22 23:00:00,39,0,discount,4,0,,0,23,5,1,1262
2024-06-23 00:00:00,47,1,discount,5,0,,0,0,6,1,1263
2024-06-23 01:00:00,41,0,,5,0,,0,1,6,1,1264
2024-06-23 02:00:00,39,0,discount,2,0,promo_day,0,2,6,1,1265
2024-06-23 03:00:00,34,1,discount,5,0,,0,3,6,1,1266
2024-06-23 04:00:00,40,1,bogo,4,0,,0,4,6,1,1267
2024-06-23 05:00:00,42,0,,4,1,,0,5,6,1,1268
2024-06-23 06:00:00,34,1,,5,0,,1,6,6,1,1269
2024-06-23 07:00:00,41,0,discount,2,0,,0,7,6,1,1270
2024-06-23 08:00:00,25,1,discount,2,0,,0,8,6,1,1271
2024-06-23 09:00:00,51,0,,5,0,local_fair,0,9,6,1,1272
2024-06-23 10:00:00,41,1,discount,3,1,,0,10,6,1,1273
2024-06-23 11:00:00,32,1,,3,0,,0,11,6,1,1274
2024-06-23 12:00:00,43,0,,3,0,,0,12,6,1,1275
2024-06-23 13:00:00,34,1,,3,0,,0,13,6,1,1276
2024-06-23 14:00:00,37,1,discount,5,0,,0,14,6,1,1277
2024-06-23 15:00:00,26,1,,2,0,,0,15,6,1,1278
2024-06-23 16:00:00,29,0,,4,0,,0,16,6,1,1279
2024-06-23 17:00:00,42,1,bogo,4,0,,0,17,6,1,1280
2024-06-23 18:00:00,36,1,bogo,5,0,,0,18,6,1,1281
2024-06-23 19:00:00,36,0,discount,4,1,,0,19,6,1,1282
2024-06-23 20:00:00,32,1,discount,3,0,,0,20,6,1,1283
2024-06-23 21:00:00,33,0,bogo,2,0,local_fair,0,21,6,1,1284
2024-06-23 22:00:00,40,0,bogo,5,0,,0,22,6,1,1285
2024-06-23 23:00:00,34,0,bogo,2,0,,0,23,6,1,1286
2024-06-24 00:00:00,40,0,bogo,5,1,,0,0,0,0,1287
2024-06-24 01:00:00,41,1,bogo,5,0,music_fest,1,1,0,0,1288
2024-06-24 02:00:00,33,0,,5,0,,0,2,0,0,1289
2024-06-24 03:00:00,42,1,,5,0,,0,3,0,0,1290
2024-06-24 04:00:00,34,0,discount,2,0,,0,4,0,0,1291
2024-06-24 05:00:00,40,0,bogo,4,0,,0,5,0,0,1292
2024-06-24 06:00:00,51,0,discount,5,0,,0,6,0,0,1293
2024-06-24 07:00:00,31,0,,3,0,local_fair,0,7,0,0,1294
2024-06-24 08:00:00,32,1,,5,0,music_fest,0,8,0,0,1295
2024-06-24 09:00:00,42,1,,2,0,,0,9,0,0,1296
2024-06-24 10:00:00,36,1,discount,5,0,,1,10,0,0,1297
2024-06-24 11:00:00,39,0,,3,0,,0,11,0,0,1298
2024-06-24 12:00:00,37,0,discount,2,0,,0,12,0,0,1299
2024-06-24 13:00:00,36,0,,5,0,music_fest,0,13,0,0,1300
2024-06-24 14:00:00,31,0,discount,3,0,,0,14,0,0,1301
2024-06-24 15:00:00,60,0,,2,0,,0,15,0,0,1302
2024-06-24 16:00:00,28,1,bogo,5,0,,0,16,0,0,1303
2024-06-24 17:00:00,48,0,,3,0,music_fest,0,17,0,0,1304
2024-06-24 18:00:00,33,1,,2,0,,0,18,0,0,1305
2024-06-24 19:00:00,42,0,discount,5,0,,0,19,0,0,1306
2024-06-24 20:00:00,39,0,discount,2,0,,0,20,0,0,1307
2024-06-24 21:00:00,40,1,,3,0,,0,21,0,0,1308
2024-06-24 22:00:00,42,0,bogo,5,0,promo_day,0,22,0,0,1309
2024-06-24 23:00:00,32,1,discount,5,0,,0,23,0,0,1310
2024-06-25 00:00:00,42,1,bogo,5,0,,0,0,1,0,1311
2024-06-25 01:00:00,33,0,bogo,3,0,,0,1,1,0,1312
2024-06-25 02:00:00,33,1,discount,4,0,,0,2,1,0,1313
2024-06-25 03:00:00,26,0,discount,5,0,,0,3,1,0,1314
2024-06-25 04:00:00,42,0,discount,3,0,,0,4,1,0,1315
2024-06-25 05:00:00,41,1,bogo,2,0,,0,5,1,0,1316
2024-06-25 06:00:00,49,0,,2,0,,0,6,1,0,1317
2024-06-25 07:00:00,32,1,,3,0,,0,7,1,0,1318
2024-06-25 08:00:00,42,1,,4,0,music_fest,0,8,1,0,1319
2024-06-25 09:00:00,38,1,discount,3,0,,0,9,1,0,1320
2024-06-25 10:00:00,35,0,,2,0,,0,10,1,0,1321
2024-06-25 11:00:00,39,0,bogo,2,0,promo_day,0,11,1,0,1322
2024-06-25 12:00:00,33,1,discount,5,0,,0,12,1,0,1323
2024-06-25 13:00:00,47,0,,4,0,,0,13,1,0,1324
2024-06-25 14:00:00,43,0,,3,0,,0,14,1,0,1325
2024-06-25 15:00:00,40,0,,2,0,,0,15,1,0,1326
2024-06-25 16:00:00,42,0,,2,0,,0,16,1,0,1327
2024-06-25 17:00:00,37,0,discount,2,0,,0,17,1,0,1328
2024-06-25 18:00:00,50,1,discount,3,0,music_fest,0,18,1,0,1329
2024-06-25 19:00:00,44,1,,3,0,,0,19,1,0,1330
2024-06-25 20:00:00,37,0,discount,4,0,,0,20,1,0,1331
2024-06-25 21:00:00,34,0,bogo,5,0,,0,21,1,0,1332
2024-06-25 22:00:00,25,0,,5,0,,0,22,1,0,1333
2024-06-25 23:00:00,49,1,,5,0,,0,23,1,0,1334
2024-06-26 00:00:00,43,0,bogo,2,0,,1,0,2,0,1335
2024-06-26 01:00:00,41,1,,5,0,promo_day,0,1,2,0,1336
2024-06-26 02:00:00,31,0,,2,0,,0,2,2,0,1337
2024-06-26 03:00:00,26,1,,4,0,,0,3,2,0,1338
2024-06-26 04:00:00,41,0,discount,2,0,,0,4,2,0,1339
2024-06-26 05:00:00,44,1,discount,4,0,,0,5,2,0,1340
2024-06-26 06:00:00,29,0,bogo,4,0,promo_day,0,6,2,0,1341
2024-06-26 07:00:00,34,1,discount,5,0,,0,7,2,0,1342
2024-06-26 08:00:00,38,0,discount,5,0,,0,8,2,0,1343
2024-06-26 09:00:00,35,1,discount,2,1,,0,9,2,0,1344
2024-06-26 10:00:00,34,1,bogo,3,0,music_fest,0,10,2,0,1345
2024-06-26 11:00:00,52,0,,5,0,music_fest,0,11,2,0,1346
2024-06-26 12:00:00,35,1,discount,5,0,,0,12,2,0,1347
2024-06-26 13:00:00,50,0,,3,0,music_fest,0,13,2,0,1348
2024-06-26 14:00:00,28,0,,3,0,,0,14,2,0,1349
2024-06-26 15:00:00,39,0,discount,5,0,,0,15,2,0,1350
2024-06-26 16:00:00,32,0,,3,0,music_fest,0,16,2,0,1351
2024-06-26 17:00:00,41,1,bogo,2,0,music_fest,0,17,2,0,1352
2024-06-26 18:00:00,45,1,bogo,4,0,,0,18,2,0,1353
2024-06-26 19:00:00,37,0,,4,0,,0,19,2,0,1354
2024-06-26 20:00:00,31,0,discount,5,1,music_fest,0,20,2,0,1355
2024-06-26 21:00:00,31,1,,5,0,,0,21,2,0,1356
2024-06-26 22:00:00,32,1,discount,2,1,music_fest,0,22,2,0,1357
2024-06-26 23:00:00,31,0,,3,0,,0,23,2,0,1358
2024-06-27 00:00:00,42,1,bogo,5,0,promo_day,0,0,3,0,1359
2024-06-27 01:00:00,38,0,,4,0,promo_day,0,1,3,0,1360
2024-06-27 02:00:00,27,0,discount,2,0,,0,2,3,0,1361
2024-06-27 03:00:00,31,1,,2,0,music_fest,0,3,3,0,1362
2024-06-27 04:00:00,33,0,,3,0,,0,4,3,0,1363
2024-06-27 05:00:00,29,0,bogo,5,0,,0,5,3,0,1364
2024-06-27 06:00:00,38,0,,5,0,,0,6,3,0,1365
2024-06-27 07:00:00,33,1,bogo,2,0,,0,7,3,0,1366
2024-06-27 08:00:00,36,1,,4,0,,0,8,3,0,1367
2024-06-27 09:00:00,40,0,bogo,5,0,music_fest,0,9,3,0,1368
2024-06-27 10:00:00,36,0,,4,0,,0,10,3,0,1369
2024-06-27 11:00:00,38,0,,2,0,,0,11,3,0,1370
2024-06-27 12:00:00,42,0,bogo,5,0,local_fair,0,12,3,0,1371
2024-06-27 13:00:00,38,0,discount,4,0,,0,13,3,0,1372
2024-06-27 14:00:00,46,1,bogo,2,0,,0,14,3,0,1373
2024-06-27 15:00:00,38,0,,4,0,,0,15,3,0,1374
2024-06-27 16:00:00,40,0,discount,5,0,,0,16,3,0,1375
2024-06-27 17:00:00,35,0,bogo,3,0,,0,17,3,0,1376
2024-06-27 18:00:00,41,0,,4,0,music_fest,0,18,3,0,1377
2024-06-27 19:00:00,36,1,bogo,3,0,,0,19,3,0,1378
2024-06-27 20:00:00,32,0,,5,1,music_fest,0,20,3,0,1379
2024-06-27 21:00:00,36,0,discount,3,0,,0,21,3,0,1380
2024-06-27 22:00:00,44,0,discount,2,0,,0,22,3,0,1381
2024-06-27 23:00:00,37,0,,3,0,,0,23,3,0,1382
2024-06-28 00:00:00,40,0,discount,4,0,,0,0,4,0,1383
2024-06-28 01:00:00,33,0,discount,4,1,,0,1,4,0,1384
2024-06-28 02:00:00,42,0,,3,0,,0,2,4,0,1385
2024-06-28 03:00:00,45,0,bogo,2,0,,0,3,4,0,1386
2024-06-28 04:00:00,35,0,,5,0,,0,4,4,0,1387
2024-06-28 05:00:00,37,0,,3,0,,0,5,4,0,1388
2024-06-28 06:00:00,37,1,discount,4,0,,0,6,4,0,1389
2024-06-28 07:00:00,36,0,discount,4,0,,0,7,4,0,1390
2024-06-28 08:00:00,47,0,,3,0,,0,8,4,0,1391
2024-06-28 09:00:00,36,0,bogo,3,0,,0,9,4,0,1392
2024-06-28 10:00:00,56,0,discount,3,0,,0,10,4,0,1393
2024-06-28 11:00:00,40,1,,5,0,,0,11,4,0,1394
2024-06-28 12:00:00,35,0,discount,4,0,,0,12,4,0,1395
2024-06-28 13:00:00,39,1,,4,0,music_fest,0,13,4,0,1396
2024-06-28 14:00:00,32,0,discount,4,0,,0,14,4,0,1397
2024-06-28 15:00:00,35,0,discount,5,0,,0,15,4,0,1398
2024-06-28 16:00:00,35,1,discount,2,0,music_fest,0,16,4,0,1399
2024-06-28 17:00:00,42,0,,4,0,,0,17,4,0,1400
2024-06-28 18:00:00,42,0,,4,0,,0,18,4,0,1401
2024-06-28 19:00:00,32,0,,2,0,,0,19,4,0,1402
2024-06-28 20:00:00,37,1,bogo,5,0,,0,20,4,0,1403
2024-06-28 21:00:00,44,0,bogo,2,1,promo_day,0,21,4,0,1404
2024-06-28 22:00:00,39,1,discount,2,0,music_fest,0,22,4,0,1405
2024-06-28 23:00:00,43,0,bogo,2,0,,0,23,4,0,1406
2024-06-29 00:00:00,43,1,bogo,2,0,promo_day,0,0,5,1,1407
2024-06-29 01:00:00,44,0,,5,0,,0,1,5,1,1408
2024-06-29 02:00:00,30,1,discount,5,0,,0,2,5,1,1409
2024-06-29 03:00:00,40,0,,2,0,music_fest,0,3,5,1,1410
2024-06-29 04:00:00,31,1,discount,3,0,,0,4,5,1,1411
2024-06-29 05:00:00,47,0,,3,0,,0,5,5,1,1412
2024-06-29 06:00:00,48,0,discount,3,1,,0,6,5,1,1413
2024-06-29 07:00:00,40,0,bogo,3,0,,0,7,5,1,1414
2024-06-29 08:00:00,47,0,bogo,4,0,,0,8,5,1,1415
2024-06-29 09:00:00,40,0,bogo,5,0,,0,9,5,1,1416
2024-06-29 10:00:00,37,1,bogo,5,0,,0,10,5,1,1417
2024-06-29 11:00:00,33,1,bogo,2,0,,0,11,5,1,1418
2024-06-29 12:00:00,34,0,bogo,4,0,local_fair,0,12,5,1,1419
2024-06-29 13:00:00,32,1,,2,1,music_fest,0,13,5,1,1420
2024-06-29 14:00:00,48,0,,2,0,,0,14,5,1,1421
2024-06-29 15:00:00,31,0,,5,0,promo_day,0,15,5,1,1422
2024-06-29 16:00:00,41,1,discount,4,1,,0,16,5,1,1423
2024-06-29 17:00:00,44,1,,3,0,,0,17,5,1,1424
2024-06-29 18:00:00,44,1,bogo,5,1,,0,18,5,1,1425
2024-06-29 19:00:00,41,0,bogo,4,0,,0,19,5,1,1426
2024-06-29 20:00:00,50,1,bogo,4,1,,0,20,5,1,1427
2024-06-29 21:00:00,34,0,bogo,5,0,,0,21,5,1,1428
2024-06-29 22:00:00,32,0,discount,5,0,,0,22,5,1,1429
2024-06-29 23:00:00,32,0,discount,2,1,,0,23,5,1,1430
2024-06-30 00:00:00,33,1,discount,2,0,local_fair,0,0,6,1,1431
2024-06-30 01:00:00,44,1,,2,0,,0,1,6,1,1432
2024-06-30 02:00:00,43,1,,3,0,local_fair,1,2,6,1,1433
2024-06-30 03:00:00,28,0,,5,0,local_fair,0,3,6,1,1434
2024-06-30 04:00:00,35,0,,4,0,,0,4,6,1,1435
2024-06-30 05:00:00,33,0,discount,5,0,,0,5,6,1,1436
2024-06-30 06:00:00,34,0,,4,0,,0,6,6,1,1437
2024-06-30 07:00:00,47,0,,3,0,local_fair,0,7,6,1,1438
2024-06-30 08:00:00,44,1,bogo,5,0,,0,8,6,1,1439
2024-06-30 09:00:00,33,0,bogo,4,0,,0,9,6,1,1440
2024-06-30 10:00:00,26,0,,4,0,,0,10,6,1,1441
2024-06-30 11:00:00,33,0,bogo,2,0,,0,11,6,1,1442
2024-06-30 12:00:00,36,0,,3,1,local_fair,0,12,6,1,1443
2024-06-30 13:00:00,43,0,discount,5,0,,0,13,6,1,1444
2024-06-30 14:00:00,34,1,discount,2,0,music_fest,0,14,6,1,1445
2024-06-30 15:00:00,33,1,bogo,3,1,,0,15,6,1,1446
2024-06-30 16:00:00,43,1,bogo,2,0,,0,16,6,1,1447
2024-06-30 17:00:00,43,0,,5,0,promo_day,0,17,6,1,1448
2024-06-30 18:00:00,45,0,,4,0,,0,18,6,1,1449
2024-06-30 19:00:00,39,0,bogo,5,1,local_fair,0,19,6,1,1450
2024-06-30 20:00:00,46,1,discount,3,0,,0,20,6,1,1451
2024-06-30 21:00:00,43,1,,5,0,,0,21,6,1,1452
2024-06-30 22:00:00,42,0,,3,0,,0,22,6,1,1453
2024-06-30 23:00:00,32,0,discount,2,0,promo_day,0,23,6,1,1454
2024-07-01 00:00:00,35,0,bogo,3,0,promo_day,0,0,0,0,1455
2024-07-01 01:00:00,44,1,,4,0,,0,1,0,0,1456
2024-07-01 02:00:00,39,1,,4,0,,0,2,0,0,1457
2024-07-01 03:00:00,37,0,bogo,4,0,,1,3,0,0,1458
2024-07-01 04:00:00,41,0,bogo,2,0,,0,4,0,0,1459
2024-07-01 05:00:00,50,0,,3,0,,0,5,0,0,1460
2024-07-01 06:00:00,38,0,,2,0,,0,6,0,0,1461
2024-07-01 07:00:00,41,0,bogo,5,1,promo_day,0,7,0,0,1462
2024-07-01 08:00:00,33,0,discount,5,0,,0,8,0,0,1463
2024-07-01 09:00:00,40,1,,5,0,music_fest,0,9,0,0,1464
2024-07-01 10:00:00,31,1,discount,5,1,,0,10,0,0,1465
2024-07-01 11:00:00,37,0,discount,4,0,,0,11,0,0,1466
2024-07-01 12:00:00,45,1,bogo,3,0,promo_day,0,12,0,0,1467
2024-07-01 13:00:00,40,0,discount,4,0,,0,13,0,0,1468
2024-07-01 14:00:00,38,0,,3,0,music_fest,0,14,0,0,1469
2024-07-01 15:00:00,30,0,discount,3,0,promo_day,1,15,0,0,1470
2024-07-01 16:00:00,34,0,,2,0,,0,16,0,0,1471
2024-07-01 17:00:00,39,0,discount,5,0,,0,17,0,0,1472
2024-07-01 18:00:00,35,0,discount,3,0,,0,18,0,0,1473
2024-07-01 19:00:00,27,0,discount,5,0,,0,19,0,0,1474
2024-07-01 20:00:00,41,1,,5,0,,0,20,0,0,1475
2024-07-01 21:00:00,32,0,,5,0,,0,21,0,0,1476
2024-07-01 22:00:00,34,0,discount,4,0,,0,22,0,0,1477
2024-07-01 23:00:00,47,0,,5,0,,0,23,0,0,1478
2024-07-02 00:00:00,45,1,,3,1,,0,0,1,0,1479
2024-07-02 01:00:00,35,0,,4,0,,0,1,1,0,1480
2024-07-02 02:00:00,27,1,bogo,5,0,,0,2,1,0,1481
2024-07-02 03:00:00,26,0,,2,0,,0,3,1,0,1482
2024-07-02 04:00:00,32,0,discount,5,0,,0,4,1,0,1483
2024-07-02 05:00:00,33,0,bogo,5,0,,0,5,1,0,1484
2024-07-02 06:00:00,31,0,,4,0,,0,6,1,0,1485
2024-07-02 07:00:00,34,0,bogo,3,0,,0,7,1,0,1486
2024-07-02 08:00:00,35,0,discount,5,0,music_fest,0,8,1,0,1487
2024-07-02 09:00:00,33,0,discount,4,1,,0,9,1,0,1488
2024-07-02 10:00:00,33,0,,4,0,,0,10,1,0,1489
2024-07-02 11:00:00,41,0,,3,0,promo_day,0,11,1,0,1490
2024-07-02 12:00:00,32,1,bogo,4,0,music_fest,0,12,1,0,1491
2024-07-02 13:00:00,30,0,,3,0,,0,13,1,0,1492
2024-07-02 14:00:00,46,1,discount,2,0,,0,14,1,0,1493
2024-07-02 15:00:00,27,1,bogo,5,1,,0,15,1,0,1494
2024-07-02 16:00:00,34,0,,4,0,,0,16,1,0,1495
2024-07-02 17:00:00,44,0,bogo,2,0,promo_day,0,17,1,0,1496
2024-07-02 18:00:00,39,0,discount,4,0,,0,18,1,0,1497
2024-07-02 19:00:00,30,1,bogo,4,1,local_fair,0,19,1,0,1498
2024-07-02 20:00:00,33,1,,2,0,,0,20,1,0,1499
2024-07-02 21:00:00,27,1,discount,4,0,promo_day,1,21,1,0,1500
2024-07-02 22:00:00,34,1,,4,0,,0,22,1,0,1501
2024-07-02 23:00:00,25,1,,2,0,,0,23,1,0,1502
2024-07-03 00:00:00,37,0,discount,4,0,,0,0,2,0,1503
2024-07-03 01:00:00,39,0,,3,0,,0,1,2,0,1504
2024-07-03 02:00:00,34,1,bogo,4,0,,0,2,2,0,1505
2024-07-03 03:00:00,47,0,bogo,5,0,music_fest,0,3,2,0,1506
2024-07-03 04:00:00,32,0,,4,1,,0,4,2,0,1507
2024-07-03 05:00:00,42,1,,5,0,,0,5,2,0,1508
2024-07-03 06:00:00,37,0,discount,5,0,,0,6,2,0,1509
2024-07-03 07:00:00,35,1,bogo,4,0,,0,7,2,0,1510
2024-07-03 08:00:00,36,1,bogo,2,0,promo_day,0,8,2,0,1511
2024-07-03 09:00:00,37,0,bogo,3,0,,0,9,2,0,1512
2024-07-03 10:00:00,30,1,bogo,3,0,,0,10,2,0,1513
2024-07-03 11:00:00,52,0,discount,4,0,,0,11,2,0,1514
2024-07-03 12:00:00,39,0,,2,0,,0,12,2,0,1515
2024-07-03 13:00:00,38,0,bogo,2,0,local_fair,0,13,2,0,1516
2024-07-03 14:00:00,32,0,discount,3,0,,0,14,2,0,1517
2024-07-03 15:00:00,35,0,,2,0,,0,15,2,0,1518
2024-07-03 16:00:00,30,0,,4,0,music_fest,0,16,2,0,1519
2024-07-03 17:00:00,31,0,bogo,4,0,,0,17,2,0,1520
2024-07-03 18:00:00,32,0,discount,2,0,,0,18,2,0,1521
2024-07-03 19:00:00,44,1,,4,0,promo_day,0,19,2,0,1522
2024-07-03 20:00:00,39,1,discount,5,0,,0,20,2,0,1523
2024-07-03 21:00:00,35,0,discount,3,1,music_fest,0,21,2,0,1524
2024-07-03 22:00:00,35,0,,4,0,,0,22,2,0,1525
2024-07-03 23:00:00,39,0,discount,2,0,music_fest,0,23,2,0,1526
2024-07-04 00:00:00,44,0,discount,3,0,local_fair,0,0,3,0,1527
2024-07-04 01:00:00,41,1,discount,4,0,,0,1,3,0,1528
2024-07-04 02:00:00,33,1,discount,3,0,,0,2,3,0,1529
2024-07-04 03:00:00,44,0,discount,2,0,,0,3,3,0,1530
2024-07-04 04:00:00,43,0,,5,0,,0,4,3,0,1531
2024-07-04 05:00:00,37,0,discount,5,0,,0,5,3,0,1532
2024-07-04 06:00:00,28,1,discount,4,0,,0,6,3,0,1533
2024-07-04 07:00:00,48,0,discount,5,0,,0,7,3,0,1534
2024-07-04 08:00:00,34,1,,4,0,promo_day,0,8,3,0,1535
2024-07-04 09:00:00,33,1,bogo,3,0,,0,9,3,0,1536
2024-07-04 10:00:00,37,0,bogo,4,0,,0,10,3,0,1537
2024-07-04 11:00:00,43,0,,4,0,,0,11,3,0,1538
2024-07-04 12:00:00,38,1,bogo,4,0,,0,12,3,0,1539
2024-07-04 13:00:00,43,0,bogo,5,0,,0,13,3,0,1540
2024-07-04 14:00:00,44,0,discount,4,0,,0,14,3,0,1541
2024-07-04 15:00:00,35,0,bogo,2,0,local_fair,0,15,3,0,1542
2024-07-04 16:00:00,40,1,bogo,4,0,promo_day,0,16,3,0,1543
2024-07-04 17:00:00,38,1,,3,0,,0,17,3,0,1544
2024-07-04 18:00:00,24,1,discount,2,0,,0,18,3,0,1545
2024-07-04 19:00:00,39,1,bogo,3,0,,0,19,3,0,1546
2024-07-04 20:00:00,45,1,discount,3,1,,0,20,3,0,1547
2024-07-04 21:00:00,33,1,discount,3,0,,0,21,3,0,1548
2024-07-04 22:00:00,42,0,bogo,2,1,,0,22,3,0,1549
2024-07-04 23:00:00,40,0,,2,0,,0,23,3,0,1550
2024-07-05 00:00:00,31,1,bogo,5,0,,0,0,4,0,1551
2024-07-05 01:00:00,44,1,,2,0,,0,1,4,0,1552
2024-07-05 02:00:00,43,1,discount,4,0,,0,2,4,0,1553
2024-07-05 03:00:00,43,0,discount,3,0,,0,3,4,0,1554
2024-07-05 04:00:00,41,1,discount,5,0,local_fair,0,4,4,0,1555
2024-07-05 05:00:00,49,1,bogo,2,0,promo_day,0,5,4,0,1556
2024-07-05 06:00:00,26,0,discount,3,0,,0,6,4,0,1557
2024-07-05 07:00:00,44,0,discount,2,0,,0,7,4,0,1558
2024-07-05 08:00:00,43,0,,5,0,,0,8,4,0,1559
2024-07-05 09:00:00,35,0,discount,2,0,,0,9,4,0,1560
2024-07-05 10:00:00,49,0,bogo,2,0,,0,10,4,0,1561
2024-07-05 11:00:00,40,0,bogo,3,0,,0,11,4,0,1562
2024-07-05 12:00:00,34,0,bogo,4,0,,0,12,4,0,1563
2024-07-05 13:00:00,42,1,bogo,2,1,,0,13,4,0,1564
2024-07-05 14:00:00,34,1,bogo,5,0,,0,14,4,0,1565
2024-07-05 15:00:00,42,1,discount,2,0,promo_day,0,15,4,0,1566
2024-07-05 16:00:00,35,0,,2,0,,0,16,4,0,1567
2024-07-05 17:00:00,37,0,,4,0,,0,17,4,0,1568
2024-07-05 18:00:00,35,1,discount,3,0,,0,18,4,0,1569
2024-07-05 19:00:00,50,0,discount,5,0,,0,19,4,0,1570
2024-07-05 20:00:00,35,1,,3,0,,0,20,4,0,1571
2024-07-05 21:00:00,26,1,bogo,3,0,,0,21,4,0,1572
2024-07-05 22:00:00,31,0,bogo,3,0,,0,22,4,0,1573
2024-07-05 23:00:00,37,1,bogo,2,0,,0,23,4,0,1574
2024-07-06 00:00:00,33,0,discount,4,0,,0,0,5,1,1575
2024-07-06 01:00:00,41,0,bogo,2,0,,0,1,5,1,1576
2024-07-06 02:00:00,43,1,bogo,5,0,,0,2,5,1,1577
2024-07-06 03:00:00,47,0,discount,4,0,,0,3,5,1,1578
2024-07-06 04:00:00,43,1,bogo,3,0,,0,4,5,1,1579
2024-07-06 05:00:00,41,0,,4,1,,0,5,5,1,1580
2024-07-06 06:00:00,36,0,bogo,5,0,,0,6,5,1,1581
2024-07-06 07:00:00,34,0,discount,2,1,,0,7,5,1,1582
2024-07-06 08:00:00,33,1,bogo,2,0,promo_day,0,8,5,1,1583
2024-07-06 09:00:00,31,0,,3,0,local_fair,0,9,5,1,1584
2024-07-06 10:00:00,36,0,,2,1,,0,10,5,1,1585
2024-07-06 11:00:00,29,1,,2,0,music_fest,0,11,5,1,1586
2024-07-06 12:00:00,38,0,discount,5,0,,0,12,5,1,1587
2024-07-06 13:00:00,38,1,,4,0,promo_day,0,13,5,1,1588
2024-07-06 14:00:00,40,0,,2,1,,0,14,5,1,1589
2024-07-06 15:00:00,31,1,discount,5,0,,0,15,5,1,1590
2024-07-06 16:00:00,39,1,bogo,5,0,,0,16,5,1,1591
2024-07-06 17:00:00,35,0,bogo,3,0,,0,17,5,1,1592
2024-07-06 18:00:00,44,0,,5,1,,0,18,5,1,1593
2024-07-06 19:00:00,36,1,discount,3,0,local_fair,0,19,5,1,1594
2024-07-06 20:00:00,44,0,bogo,2,0,,0,20,5,1,1595
2024-07-06 21:00:00,39,1,,3,0,,0,21,5,1,1596
2024-07-06 22:00:00,32,0,,5,0,,0,22,5,1,1597
2024-07-06 23:00:00,39,0,,4,0,,0,23,5,1,1598
2024-07-07 00:00:00,38,0,,4,0,,0,0,6,1,1599
2024-07-07 01:00:00,31,1,discount,2,0,,0,1,6,1,1600
2024-07-07 02:00:00,34,0,,2,0,,0,2,6,1,1601
2024-07-07 03:00:00,37,1,bogo,4,0,,0,3,6,1,1602
2024-07-07 04:00:00,24,1,,3,0,,0,4,6,1,1603
2024-07-07 05:00:00,41,0,discount,2,0,,0,5,6,1,1604
2024-07-07 06:00:00,32,0,,5,0,,0,6,6,1,1605
2024-07-07 07:00:00,33,1,,2,0,local_fair,0,7,6,1,1606
2024-07-07 08:00:00,35,0,,3,1,,0,8,6,1,1607
2024-07-07 09:00:00,44,1,discount,2,0,,0,9,6,1,1608
2024-07-07 10:00:00,35,0,discount,5,0,,0,10,6,1,1609
2024-07-07 11:00:00,44,0,,5,0,,0,11,6,1,1610
2024-07-07 12:00:00,32,1,discount,5,0,,0,12,6,1,1611
2024-07-07 13:00:00,37,0,,3,1,,0,13,6,1,1612
2024-07-07 14:00:00,45,0,discount,3,1,,0,14,6,1,1613
2024-07-07 15:00:00,36,0,,5,0,,0,15,6,1,1614
2024-07-07 16:00:00,44,0,bogo,5,0,,0,16,6,1,1615
2024-07-07 17:00:00,37,0,,3,0,,0,17,6,1,1616
2024-07-07 18:00:00,49,1,,3,0,,0,18,6,1,1617
2024-07-07 19:00:00,49,0,bogo,3,0,,0,19,6,1,1618
2024-07-07 20:00:00,38,0,discount,4,0,,1,20,6,1,1619
2024-07-07 21:00:00,37,1,discount,3,0,,0,21,6,1,1620
2024-07-07 22:00:00,31,0,bogo,5,0,music_fest,0,22,6,1,1621
2024-07-07 23:00:00,42,0,bogo,4,0,,0,23,6,1,1622
2024-07-08 00:00:00,36,1,,3,0,,0,0,0,0,1623
2024-07-08 01:00:00,41,1,bogo,5,0,,0,1,0,0,1624
2024-07-08 02:00:00,35,0,bogo,2,0,,0,2,0,0,1625
2024-07-08 03:00:00,36,1,bogo,4,0,,0,3,0,0,1626
2024-07-08 04:00:00,44,0,discount,5,0,,0,4,0,0,1627
2024-07-08 05:00:00,35,1,bogo,2,0,,0,5,0,0,1628
2024-07-08 06:00:00,29,0,,5,0,,1,6,0,0,1629
2024-07-08 07:00:00,36,0,,3,0,,0,7,0,0,1630
2024-07-08 08:00:00,41,0,bogo,3,1,,0,8,0,0,1631
2024-07-08 09:00:00,36,0,bogo,2,0,,0,9,0,0,1632
2024-07-08 10:00:00,31,0,,3,0,music_fest,1,10,0,0,1633
2024-07-08 11:00:00,23,1,bogo,5,0,,0,11,0,0,1634
2024-07-08 12:00:00,31,0,discount,2,1,local_fair,0,12,0,0,1635
2024-07-08 13:00:00,39,0,discount,5,0,promo_day,0,13,0,0,1636
2024-07-08 14:00:00,38,0,bogo,5,0,promo_day,0,14,0,0,1637
2024-07-08 15:00:00,53,0,,5,0,music_fest,0,15,0,0,1638
2024-07-08 16:00:00,48,1,,3,0,,0,16,0,0,1639
2024-07-08 17:00:00,40,0,discount,3,0,,1,17,0,0,1640
2024-07-08 18:00:00,43,0,discount,5,0,,0,18,0,0,1641
2024-07-08 19:00:00,41,0,,4,0,,0,19,0,0,1642
2024-07-08 20:00:00,42,1,,5,0,music_fest,0,20,0,0,1643
2024-07-08 21:00:00,38,0,,5,0,promo_day,0,21,0,0,1644
2024-07-08 22:00:00,37,0,,2,0,,0,22,0,0,1645
2024-07-08 23:00:00,48,0,discount,5,0,,0,23,0,0,1646
2024-07-09 00:00:00,45,0,,3,0,,0,0,1,0,1647
2024-07-09 01:00:00,38,0,,2,0,,0,1,1,0,1648
2024-07-09 02:00:00,39,1,discount,4,0,,0,2,1,0,1649
2024-07-09 03:00:00,22,1,,2,0,,0,3,1,0,1650
2024-07-09 04:00:00,55,1,discount,4,0,music_fest,0,4,1,0,1651
2024-07-09 05:00:00,42,0,discount,2,0,,0,5,1,0,1652
2024-07-09 06:00:00,41,0,discount,2,0,local_fair,0,6,1,0,1653
2024-07-09 07:00:00,51,0,discount,4,0,,0,7,1,0,1654
2024-07-09 08:00:00,43,1,bogo,3,0,music_fest,0,8,1,0,1655
2024-07-09 09:00:00,40,0,bogo,3,0,,0,9,1,0,1656
2024-07-09 10:00:00,41,1,bogo,3,0,music_fest,0,10,1,0,1657
2024-07-09 11:00:00,50,0,bogo,2,0,,0,11,1,0,1658
2024-07-09 12:00:00,40,0,discount,5,0,,0,12,1,0,1659
2024-07-09 13:00:00,34,0,discount,2,0,,0,13,1,0,1660
2024-07-09 14:00:00,36,0,,5,1,local_fair,0,14,1,0,1661
2024-07-09 15:00:00,31,1,bogo,5,0,,1,15,1,0,1662
2024-07-09 16:00:00,27,1,discount,3,1,,0,16,1,0,1663
2024-07-09 17:00:00,28,0,,5,0,,0,17,1,0,1664
2024-07-09 18:00:00,41,0,,2,0,,0,18,1,0,1665
2024-07-09 19:00:00,31,1,,2,0,music_fest,0,19,1,0,1666
2024-07-09 20:00:00,59,1,bogo,3,0,,0,20,1,0,1667
2024-07-09 21:00:00,33,0,discount,4,0,,0,21,1,0,1668
2024-07-09 22:00:00,49,0,,2,0,promo_day,0,22,1,0,1669
2024-07-09 23:00:00,24,0,discount,5,0,,0,23,1,0,1670
2024-07-10 00:00:00,39,0,bogo,2,0,music_fest,0,0,2,0,1671
2024-07-10 01:00:00,34,0,discount,2,0,,0,1,2,0,1672
2024-07-10 02:00:00,39,0,,2,0,,0,2,2,0,1673
2024-07-10 03:00:00,33,0,discount,4,0,,0,3,2,0,1674
2024-07-10 04:00:00,35,0,,5,0,,0,4,2,0,1675
2024-07-10 05:00:00,24,0,,3,1,,0,5,2,0,1676
2024-07-10 06:00:00,32,1,bogo,2,0,,0,6,2,0,1677
2024-07-10 07:00:00,28,1,,5,0,,1,7,2,0,1678
2024-07-10 08:00:00,35,0,,5,0,,0,8,2,0,1679
2024-07-10 09:00:00,27,1,,3,0,music_fest,0,9,2,0,1680
2024-07-10 10:00:00,43,1,bogo,2,0,,0,10,2,0,1681
2024-07-10 11:00:00,38,0,,4,0,,0,11,2,0,1682
2024-07-10 12:00:00,35,0,bogo,5,0,local_fair,0,12,2,0,1683
2024-07-10 13:00:00,38,1,,3,0,,0,13,2,0,1684
2024-07-10 14:00:00,39,1,bogo,4,0,,0,14,2,0,1685
2024-07-10 15:00:00,43,1,bogo,5,0,promo_day,0,15,2,0,1686
2024-07-10 16:00:00,30,1,,2,0,promo_day,0,16,2,0,1687
2024-07-10 17:00:00,35,1,,5,0,,0,17,2,0,1688
2024-07-10 18:00:00,41,0,bogo,4,0,,0,18,2,0,1689
2024-07-10 19:00:00,41,0,discount,4,1,,0,19,2,0,1690
2024-07-10 20:00:00,40,0,bogo,2,0,,0,20,2,0,1691
2024-07-10 21:00:00,46,0,,2,0,,0,21,2,0,1692
2024-07-10 22:00:00,34,1,,3,0,,0,22,2,0,1693
2024-07-10 23:00:00,36,0,,2,1,,0,23,2,0,1694
2024-07-11 00:00:00,41,1,discount,3,0,,0,0,3,0,1695
2024-07-11 01:00:00,41,0,bogo,4,0,,0,1,3,0,1696
2024-07-11 02:00:00,36,0,,4,0,,0,2,3,0,1697
2024-07-11 03:00:00,42,0,,5,0,,0,3,3,0,1698
2024-07-11 04:00:00,41,0,discount,5,0,,0,4,3,0,1699
2024-07-11 05:00:00,41,1,,3,0,,0,5,3,0,1700
2024-07-11 06:00:00,46,1,bogo,2,0,,0,6,3,0,1701
2024-07-11 07:00:00,37,1,discount,2,0,,0,7,3,0,1702
2024-07-11 08:00:00,36,0,bogo,5,0,,0,8,3,0,1703
2024-07-11 09:00:00,35,0,discount,4,0,,0,9,3,0,1704
2024-07-11 10:00:00,45,0,bogo,3,0,,0,10,3,0,1705
2024-07-11 11:00:00,50,0,discount,4,0,,0,11,3,0,1706
2024-07-11 12:00:00,44,1,discount,4,0,,0,12,3,0,1707
2024-07-11 13:00:00,43,1,,2,0,,0,13,3,0,1708
2024-07-11 14:00:00,44,1,discount,3,0,,0,14,3,0,1709
2024-07-11 15:00:00,34,0,discount,4,0,,1,15,3,0,1710
2024-07-11 16:00:00,43,1,bogo,5,0,,1,16,3,0,1711
2024-07-11 17:00:00,46,0,bogo,5,0,,0,17,3,0,1712
2024-07-11 18:00:00,41,1,,2,0,promo_day,0,18,3,0,1713
2024-07-11 19:00:00,34,0,bogo,5,1,,0,19,3,0,1714
2024-07-11 20:00:00,39,0,,5,0,,0,20,3,0,1715
2024-07-11 21:00:00,41,0,,4,0,promo_day,0,21,3,0,1716
2024-07-11 22:00:00,36,1,discount,5,0,music_fest,0,22,3,0,1717
2024-07-11 23:00:00,43,0,discount,5,0,,0,23,3,0,1718
2024-07-12 00:00:00,41,0,bogo,4,0,,0,0,4,0,1719
2024-07-12 01:00:00,40,1,bogo,2,0,,0,1,4,0,1720
2024-07-12 02:00:00,32,0,,2,1,,0,2,4,0,1721
2024-07-12 03:00:00,30,0,bogo,3,1,,0,3,4,0,1722
2024-07-12 04:00:00,45,0,bogo,5,0,,0,4,4,0,1723
2024-07-12 05:00:00,42,0,discount,4,0,,0,5,4,0,1724
2024-07-12 06:00:00,37,1,discount,3,0,,0,6,4,0,1725
2024-07-12 07:00:00,35,1,bogo,2,0,,0,7,4,0,1726
2024-07-12 08:00:00,33,0,bogo,2,1,music_fest,0,8,4,0,1727
2024-07-12 09:00:00,40,1,bogo,4,0,,1,9,4,0,1728
2024-07-12 10:00:00,39,0,discount,3,0,,0,10,4,0,1729
2024-07-12 11:00:00,34,0,,3,0,,0,11,4,0,1730
2024-07-12 12:00:00,55,0,,4,0,,1,12,4,0,1731
2024-07-12 13:00:00,47,0,discount,4,1,,0,13,4,0,1732
2024-07-12 14:00:00,39,0,bogo,3,0,promo_day,0,14,4,0,1733
2024-07-12 15:00:00,26,1,,2,0,music_fest,0,15,4,0,1734
2024-07-12 16:00:00,40,1,bogo,5,0,,0,16,4,0,1735
2024-07-12 17:00:00,48,0,bogo,2,0,,0,17,4,0,1736
2024-07-12 18:00:00,30,0,discount,4,0,,0,18,4,0,1737
2024-07-12 19:00:00,34,1,,3,0,,0,19,4,0,1738
2024-07-12 20:00:00,41,1,discount,3,0,,0,20,4,0,1739
2024-07-12 21:00:00,44,1,,5,0,,0,21,4,0,1740
2024-07-12 22:00:00,34,0,,3,0,,0,22,4,0,1741
2024-07-12 23:00:00,33,1,,5,0,,0,23,4,0,1742
2024-07-13 00:00:00,41,0,,2,0,,0,0,5,1,1743
2024-07-13 01:00:00,39,0,bogo,2,0,promo_day,0,1,5,1,1744
2024-07-13 02:00:00,42,0,bogo,3,0,,0,2,5,1,1745
2024-07-13 03:00:00,41,0,,3,0,,0,3,5,1,1746
2024-07-13 04:00:00,35,0,,4,0,,0,4,5,1,1747
2024-07-13 05:00:00,28,0,bogo,4,0,,0,5,5,1,1748
2024-07-13 06:00:00,48,0,,3,0,,0,6,5,1,1749
2024-07-13 07:00:00,29,1,bogo,3,0,,0,7,5,1,1750
2024-07-13 08:00:00,42,0,bogo,2,0,music_fest,0,8,5,1,1751
2024-07-13 09:00:00,29,0,bogo,3,0,,0,9,5,1,1752
2024-07-13 10:00:00,42,0,discount,4,1,,0,10,5,1,1753
2024-07-13 11:00:00,33,1,discount,2,1,,0,11,5,1,1754
2024-07-13 12:00:00,38,0,discount,5,0,local_fair,0,12,5,1,1755
2024-07-13 13:00:00,53,0,bogo,4,0,local_fair,0,13,5,1,1756
2024-07-13 14:00:00,38,0,bogo,4,0,,0,14,5,1,1757
2024-07-13 15:00:00,39,1,bogo,2,0,,0,15,5,1,1758
2024-07-13 16:00:00,40,1,,5,0,,0,16,5,1,1759
2024-07-13 17:00:00,33,0,bogo,4,0,,0,17,5,1,1760
2024-07-13 18:00:00,34,0,bogo,3,0,,0,18,5,1,1761
2024-07-13 19:00:00,37,1,discount,4,0,,0,19,5,1,1762
2024-07-13 20:00:00,39,0,discount,2,0,,0,20,5,1,1763
2024-07-13 21:00:00,35,1,,2,0,,0,21,5,1,1764
2024-07-13 22:00:00,36,0,bogo,2,1,,0,22,5,1,1765
2024-07-13 23:00:00,41,0,,4,0,music_fest,0,23,5,1,1766
2024-07-14 00:00:00,30,0,discount,5,0,,1,0,6,1,1767
2024-07-14 01:00:00,30,0,bogo,3,0,,0,1,6,1,1768
2024-07-14 02:00:00,41,1,discount,2,0,,0,2,6,1,1769
2024-07-14 03:00:00,38,1,discount,5,0,,0,3,6,1,1770
2024-07-14 04:00:00,40,0,discount,3,0,,0,4,6,1,1771
2024-07-14 05:00:00,37,1,discount,2,0,,0,5,6,1,1772
2024-07-14 06:00:00,45,0,bogo,3,0,,0,6,6,1,1773
2024-07-14 07:00:00,29,0,discount,3,0,,0,7,6,1,1774
2024-07-14 08:00:00,39,0,,5,1,,0,8,6,1,1775
2024-07-14 09:00:00,28,1,bogo,3,0,,0,9,6,1,1776
2024-07-14 10:00:00,29,1,discount,2,1,promo_day,1,10,6,1,1777
2024-07-14 11:00:00,39,1,discount,5,1,,0,11,6,1,1778
2024-07-14 12:00:00,40,1,bogo,4,0,,0,12,6,1,1779
2024-07-14 13:00:00,41,1,discount,4,0,,0,13,6,1,1780
2024-07-14 14:00:00,34,1,,5,0,music_fest,0,14,6,1,1781
2024-07-14 15:00:00,47,1,,4,1,,0,15,6,1,1782
2024-07-14 16:00:00,39,1,discount,3,0,,0,16,6,1,1783
2024-07-14 17:00:00,35,0,bogo,2,0,music_fest,0,17,6,1,1784
2024-07-14 18:00:00,37,0,discount,3,0,,0,18,6,1,1785
2024-07-14 19:00:00,42,0,,5,0,,0,19,6,1,1786
2024-07-14 20:00:00,35,0,bogo,2,0,,0,20,6,1,1787
2024-07-14 21:00:00,42,0,discount,5,0,music_fest,1,21,6,1,1788
2024-07-14 22:00:00,41,0,discount,5,0,,0,22,6,1,1789
2024-07-14 23:00:00,43,1,,5,0,,0,23,6,1,1790
2024-07-15 00:00:00,36,0,bogo,3,0,,0,0,0,0,1791
2024-07-15 01:00:00,33,0,discount,2,0,,0,1,0,0,1792
2024-07-15 02:00:00,36,0,,2,0,,0,2,0,0,1793
2024-07-15 03:00:00,35,1,bogo,2,0,,0,3,0,0,1794
2024-07-15 04:00:00,31,0,,3,0,,0,4,0,0,1795
2024-07-15 05:00:00,35,0,discount,4,1,,0,5,0,0,1796
2024-07-15 06:00:00,36,1,,3,0,,0,6,0,0,1797
2024-07-15 07:00:00,41,1,,3,0,local_fair,1,7,0,0,1798
2024-07-15 08:00:00,40,0,discount,5,0,,0,8,0,0,1799
2024-07-15 09:00:00,30,0,,2,0,music_fest,0,9,0,0,1800
2024-07-15 10:00:00,40,0,bogo,2,0,,0,10,0,0,1801
2024-07-15 11:00:00,36,1,,4,0,,0,11,0,0,1802
2024-07-15 12:00:00,30,0,discount,4,0,,0,12,0,0,1803
2024-07-15 13:00:00,31,0,,5,0,,0,13,0,0,1804
2024-07-15 14:00:00,32,0,bogo,2,0,promo_day,0,14,0,0,1805
2024-07-15 15:00:00,39,0,,4,0,music_fest,0,15,0,0,1806
2024-07-15 16:00:00,46,1,bogo,4,0,,0,16,0,0,1807
2024-07-15 17:00:00,35,0,,2,0,,0,17,0,0,1808
2024-07-15 18:00:00,38,0,,3,0,,0,18,0,0,1809
2024-07-15 19:00:00,39,0,discount,4,0,,0,19,0,0,1810
2024-07-15 20:00:00,36,0,,2,0,,0,20,0,0,1811
2024-07-15 21:00:00,30,0,,4,0,,0,21,0,0,1812
2024-07-15 22:00:00,37,1,discount,5,0,,0,22,0,0,1813
2024-07-15 23:00:00,43,1,bogo,4,0,,0,23,0,0,1814
2024-07-16 00:00:00,45,1,bogo,2,0,music_fest,0,0,1,0,1815
2024-07-16 01:00:00,37,1,discount,4,0,music_fest,1,1,1,0,1816
2024-07-16 02:00:00,34,1,discount,5,0,,0,2,1,0,1817
2024-07-16 03:00:00,57,0,discount,5,0,music_fest,0,3,1,0,1818
2024-07-16 04:00:00,42,1,discount,4,0,,0,4,1,0,1819
2024-07-16 05:00:00,36,1,bogo,4,0,,0,5,1,0,1820
2024-07-16 06:00:00,39,1,discount,5,0,,0,6,1,0,1821
2024-07-16 07:00:00,41,0,,5,0,,0,7,1,0,1822
2024-07-16 08:00:00,28,0,,3,0,,0,8,1,0,1823
2024-07-16 09:00:00,34,1,discount,3,1,music_fest,0,9,1,0,1824
2024-07-16 10:00:00,37,1,,5,0,promo_day,0,10,1,0,1825
2024-07-16 11:00:00,36,1,,4,0,,0,11,1,0,1826
2024-07-16 12:00:00,40,0,,2,0,,0,12,1,0,1827
2024-07-16 13:00:00,36,0,discount,4,0,,0,13,1,0,1828
2024-07-16 14:00:00,37,0,discount,4,0,,0,14,1,0,1829
2024-07-16 15:00:00,44,1,,3,1,,0,15,1,0,1830
2024-07-16 16:00:00,39,0,,3,0,,0,16,1,0,1831
2024-07-16 17:00:00,44,0,,3,0,,0,17,1,0,1832
2024-07-16 18:00:00,44,1,,5,0,,0,18,1,0,1833
2024-07-16 19:00:00,43,0,discount,5,0,,0,19,1,0,1834
2024-07-16 20:00:00,36,1,bogo,4,0,,0,20,1,0,1835
2024-07-16 21:00:00,38,0,discount,4,0,,0,21,1,0,1836
2024-07-16 22:00:00,32,1,discount,2,0,,0,22,1,0,1837
2024-07-16 23:00:00,39,0,,4,0,,0,23,1,0,1838
2024-07-17 00:00:00,25,1,discount,4,0,,0,0,2,0,1839
2024-07-17 01:00:00,43,1,bogo,3,1,,0,1,2,0,1840
2024-07-17 02:00:00,32,0,,3,0,music_fest,0,2,2,0,1841
2024-07-17 03:00:00,27,0,discount,3,0,,0,3,2,0,1842
2024-07-17 04:00:00,31,0,,3,0,,0,4,2,0,1843
2024-07-17 05:00:00,32,1,,3,0,,0,5,2,0,1844
2024-07-17 06:00:00,24,1,bogo,2,1,,0,6,2,0,1845
2024-07-17 07:00:00,38,0,discount,2,0,,0,7,2,0,1846
2024-07-17 08:00:00,36,1,bogo,2,0,,0,8,2,0,1847
2024-07-17 09:00:00,30,0,bogo,3,0,promo_day,0,9,2,0,1848
2024-07-17 10:00:00,26,1,bogo,5,0,,0,10,2,0,1849
2024-07-17 11:00:00,39,1,discount,3,0,,0,11,2,0,1850
2024-07-17 12:00:00,46,0,,3,0,,0,12,2,0,1851
2024-07-17 13:00:00,53,0,discount,2,0,,0,13,2,0,1852
2024-07-17 14:00:00,28,0,,3,0,,0,14,2,0,1853
2024-07-17 15:00:00,31,0,discount,2,0,,0,15,2,0,1854
2024-07-17 16:00:00,40,0,bogo,3,0,music_fest,0,16,2,0,1855
2024-07-17 17:00:00,34,0,,4,0,,0,17,2,0,1856
2024-07-17 18:00:00,31,0,discount,5,0,music_fest,0,18,2,0,1857
2024-07-17 19:00:00,29,0,discount,5,0,,0,19,2,0,1858
2024-07-17 20:00:00,33,0,,2,0,,0,20,2,0,1859
2024-07-17 21:00:00,51,0,,4,0,,0,21,2,0,1860
2024-07-17 22:00:00,36,0,,5,0,,0,22,2,0,1861
2024-07-17 23:00:00,27,1,bogo,2,1,local_fair,0,23,2,0,1862
2024-07-18 00:00:00,41,1,discount,3,0,,0,0,3,0,1863
2024-07-18 01:00:00,36,0,,3,0,,0,1,3,0,1864
2024-07-18 02:00:00,36,0,,4,0,promo_day,0,2,3,0,1865
2024-07-18 03:00:00,35,1,bogo,5,1,music_fest,0,3,3,0,1866
2024-07-18 04:00:00,40,1,,3,0,,0,4,3,0,1867
2024-07-18 05:00:00,34,0,bogo,2,0,local_fair,0,5,3,0,1868
2024-07-18 06:00:00,33,0,bogo,3,0,,0,6,3,0,1869
2024-07-18 07:00:00,31,0,discount,3,0,music_fest,0,7,3,0,1870
2024-07-18 08:00:00,41,0,bogo,5,0,,0,8,3,0,1871
2024-07-18 09:00:00,37,0,bogo,5,0,music_fest,0,9,3,0,1872
2024-07-18 10:00:00,27,0,discount,2,0,,0,10,3,0,1873
2024-07-18 11:00:00,35,1,bogo,4,0,,0,11,3,0,1874
2024-07-18 12:00:00,32,0,,4,0,,0,12,3,0,1875
2024-07-18 13:00:00,31,0,,3,0,,0,13,3,0,1876
2024-07-18 14:00:00,35,0,,2,0,,0,14,3,0,1877
2024-07-18 15:00:00,36,0,,4,0,,0,15,3,0,1878
2024-07-18 16:00:00,46,0,discount,4,0,local_fair,0,16,3,0,1879
2024-07-18 17:00:00,41,0,bogo,3,1,,0,17,3,0,1880
2024-07-18 18:00:00,36,1,,2,0,,0,18,3,0,1881
2024-07-18 19:00:00,36,0,bogo,4,0,,0,19,3,0,1882
2024-07-18 20:00:00,41,1,bogo,5,0,promo_day,0,20,3,0,1883
2024-07-18 21:00:00,30,1,discount,5,0,,0,21,3,0,1884
2024-07-18 22:00:00,51,0,,3,0,,0,22,3,0,1885
2024-07-18 23:00:00,32,0,bogo,3,0,music_fest,0,23,3,0,1886
2024-07-19 00:00:00,41,0,,3,0,,0,0,4,0,1887
2024-07-19 01:00:00,36,1,bogo,3,0,,0,1,4,0,1888
2024-07-19 02:00:00,39,1,,4,0,,0,2,4,0,1889
2024-07-19 03:00:00,31,1,,2,0,local_fair,0,3,4,0,1890
2024-07-19 04:00:00,39,0,,3,0,,0,4,4,0,1891
2024-07-19 05:00:00,32,1,bogo,3,0,,0,5,4,0,1892
2024-07-19 06:00:00,43,0,bogo,4,0,music_fest,0,6,4,0,1893
2024-07-19 07:00:00,33,0,,3,0,,0,7,4,0,1894
2024-07-19 08:00:00,39,0,bogo,3,0,,0,8,4,0,1895
2024-07-19 09:00:00,42,0,bogo,2,0,music_fest,0,9,4,0,1896
2024-07-19 10:00:00,38,1,discount,5,0,,0,10,4,0,1897
2024-07-19 11:00:00,33,0,,3,1,,0,11,4,0,1898
2024-07-19 12:00:00,40,0,discount,4,0,,0,12,4,0,1899
2024-07-19 13:00:00,34,0,,2,0,music_fest,0,13,4,0,1900
2024-07-19 14:00:00,38,1,bogo,4,0,,0,14,4,0,1901
2024-07-19 15:00:00,42,1,bogo,2,0,,0,15,4,0,1902
2024-07-19 16:00:00,39,0,,2,0,music_fest,0,16,4,0,1903
2024-07-19 17:00:00,31,0,discount,3,0,,0,17,4,0,1904
2024-07-19 18:00:00,28,0,bogo,3,0,,0,18,4,0,1905
2024-07-19 19:00:00,39,1,,3,0,promo_day,0,19,4,0,1906
2024-07-19 20:00:00,38,0,,5,1,,0,20,4,0,1907
2024-07-19 21:00:00,32,0,discount,5,0,promo_day,0,21,4,0,1908
2024-07-19 22:00:00,46,0,,4,0,,0,22,4,0,1909
2024-07-19 23:00:00,47,0,,3,0,,0,23,4,0,1910
2024-07-20 00:00:00,44,1,,5,0,,0,0,5,1,1911
2024-07-20 01:00:00,39,0,bogo,3,0,,0,1,5,1,1912
2024-07-20 02:00:00,33,0,bogo,5,0,,0,2,5,1,1913
2024-07-20 03:00:00,33,0,,5,0,,0,3,5,1,1914
2024-07-20 04:00:00,39,0,,2,0,music_fest,0,4,5,1,1915
2024-07-20 05:00:00,36,1,bogo,3,0,,0,5,5,1,1916
2024-07-20 06:00:00,27,0,discount,3,0,,0,6,5,1,1917
2024-07-20 07:00:00,31,1,bogo,5,0,,0,7,5,1,1918
2024-07-20 08:00:00,32,1,bogo,3,0,,1,8,5,1,1919
2024-07-20 09:00:00,36,0,discount,5,0,,0,9,5,1,1920
2024-07-20 10:00:00,41,0,discount,3,0,,0,10,5,1,1921
2024-07-20 11:00:00,49,0,,2,0,,0,11,5,1,1922
2024-07-20 12:00:00,37,1,discount,3,0,,0,12,5,1,1923
2024-07-20 13:00:00,41,0,,2,0,,0,13,5,1,1924
2024-07-20 14:00:00,42,0,discount,4,0,,0,14,5,1,1925
2024-07-20 15:00:00,46,0,bogo,3,0,,0,15,5,1,1926
2024-07-20 16:00:00,33,1,discount,3,0,music_fest,0,16,5,1,1927
2024-07-20 17:00:00,33,0,discount,3,0,,0,17,5,1,1928
2024-07-20 18:00:00,30,0,,2,0,,0,18,5,1,1929
2024-07-20 19:00:00,38,0,,3,0,,0,19,5,1,1930
2024-07-20 20:00:00,33,0,discount,3,0,,0,20,5,1,1931
2024-07-20 21:00:00,43,1,bogo,5,0,,0,21,5,1,1932
2024-07-20 22:00:00,36,0,bogo,4,0,promo_day,0,22,5,1,1933
2024-07-20 23:00:00,50,1,,2,0,,0,23,5,1,1934
2024-07-21 00:00:00,43,1,,5,0,,0,0,6,1,1935
2024-07-21 01:00:00,36,0,bogo,2,0,,0,1,6,1,1936
2024-07-21 02:00:00,41,1,,5,0,,0,2,6,1,1937
2024-07-21 03:00:00,39,0,,4,1,music_fest,0,3,6,1,1938
2024-07-21 04:00:00,38,0,discount,5,0,,0,4,6,1,1939
2024-07-21 05:00:00,36,1,bogo,2,1,,1,5,6,1,1940
2024-07-21 06:00:00,42,0,,3,0,,0,6,6,1,1941
2024-07-21 07:00:00,36,1,,3,0,,0,7,6,1,1942
2024-07-21 08:00:00,32,0,bogo,4,0,,0,8,6,1,1943
2024-07-21 09:00:00,48,1,bogo,2,1,local_fair,0,9,6,1,1944
2024-07-21 10:00:00,45,0,bogo,2,0,,0,10,6,1,1945
2024-07-21 11:00:00,53,0,bogo,2,0,,0,11,6,1,1946
2024-07-21 12:00:00,35,0,,4,0,,0,12,6,1,1947
2024-07-21 13:00:00,38,1,bogo,3,0,,0,13,6,1,1948
2024-07-21 14:00:00,33,1,,5,0,,0,14,6,1,1949
2024-07-21 15:00:00,34,0,,4,0,,0,15,6,1,1950
2024-07-21 16:00:00,45,1,discount,5,0,,0,16,6,1,1951
2024-07-21 17:00:00,30,0,bogo,3,0,,0,17,6,1,1952
2024-07-21 18:00:00,51,0,bogo,4,0,local_fair,0,18,6,1,1953
2024-07-21 19:00:00,35,1,,3,0,,0,19,6,1,1954
2024-07-21 20:00:00,40,1,discount,5,1,,0,20,6,1,1955
2024-07-21 21:00:00,29,1,,2,0,,0,21,6,1,1956
2024-07-21 22:00:00,35,1,,2,1,,0,22,6,1,1957
2024-07-21 23:00:00,51,0,bogo,5,0,,0,23,6,1,1958
2024-07-22 00:00:00,45,1,,2,0,local_fair,0,0,0,0,1959
2024-07-22 01:00:00,42,0,,5,0,,0,1,0,0,1960
2024-07-22 02:00:00,41,0,discount,4,0,,0,2,0,0,1961
2024-07-22 03:00:00,46,0,discount,4,0,,0,3,0,0,1962
2024-07-22 04:00:00,25,0,,4,0,,0,4,0,0,1963
2024-07-22 05:00:00,37,0,,2,0,,0,5,0,0,1964
2024-07-22 06:00:00,36,0,discount,3,0,local_fair,0,6,0,0,1965
2024-07-22 07:00:00,45,0,discount,2,0,,1,7,0,0,1966
2024-07-22 08:00:00,31,0,discount,2,0,,0,8,0,0,1967
2024-07-22 09:00:00,38,0,,3,0,,0,9,0,0,1968
2024-07-22 10:00:00,37,0,discount,3,0,,0,10,0,0,1969
2024-07-22 11:00:00,45,0,bogo,3,0,,0,11,0,0,1970
2024-07-22 12:00:00,29,1,,3,0,music_fest,0,12,0,0,1971
2024-07-22 13:00:00,41,1,discount,2,0,,0,13,0,0,1972
2024-07-22 14:00:00,35,1,,5,0,music_fest,0,14,0,0,1973
2024-07-22 15:00:00,42,0,discount,4,0,music_fest,0,15,0,0,1974
2024-07-22 16:00:00,36,1,,5,0,,0,16,0,0,1975
2024-07-22 17:00:00,41,0,discount,2,0,,0,17,0,0,1976
2024-07-22 18:00:00,33,0,,3,0,,0,18,0,0,1977
2024-07-22 19:00:00,50,0,,4,0,local_fair,0,19,0,0,1978
2024-07-22 20:00:00,43,1,discount,4,0,,0,20,0,0,1979
2024-07-22 21:00:00,30,0,discount,5,0,,0,21,0,0,1980
2024-07-22 22:00:00,35,0,bogo,2,0,,0,22,0,0,1981
2024-07-22 23:00:00,35,0,discount,2,0,,0,23,0,0,1982
2024-07-23 00:00:00,37,1,,2,0,,0,0,1,0,1983
2024-07-23 01:00:00,38,1,,4,0,,0,1,1,0,1984
2024-07-23 02:00:00,33,0,bogo,5,1,,0,2,1,0,1985
2024-07-23 03:00:00,41,0,,4,0,music_fest,0,3,1,0,1986
2024-07-23 04:00:00,36,0,,4,0,,0,4,1,0,1987
2024-07-23 05:00:00,43,1,,3,0,,1,5,1,0,1988
2024-07-23 06:00:00,44,0,bogo,5,0,music_fest,0,6,1,0,1989
2024-07-23 07:00:00,36,1,discount,3,0,,0,7,1,0,1990
2024-07-23 08:00:00,33,0,discount,2,0,music_fest,0,8,1,0,1991
2024-07-23 09:00:00,38,1,bogo,4,0,,0,9,1,0,1992
2024-07-23 10:00:00,37,0,bogo,5,0,,0,10,1,0,1993
2024-07-23 11:00:00,35,0,bogo,2,0,,0,11,1,0,1994
2024-07-23 12:00:00,32,0,discount,5,0,,0,12,1,0,1995
2024-07-23 13:00:00,32,0,,4,0,music_fest,0,13,1,0,1996
2024-07-23 14:00:00,48,0,discount,5,0,,0,14,1,0,1997
2024-07-23 15:00:00,42,1,discount,2,0,,0,15,1,0,1998
2024-07-23 16:00:00,29,0,bogo,3,0,,0,16,1,0,1999
